igdb_id,category_id,url
5565,,http://www.sega.com
5565,,https://en.wikipedia.org/wiki/Golden_Axe_(video_game)
5565,,https://www.twitch.tv/directory/game/Golden%20Axe
5565,,https://goldenaxe.fandom.com/wiki/Golden_Axe
270346,,https://en.wikipedia.org/wiki/Super_Mario_World
270346,,https://www.mariowiki.com/Super_Mario_World:_Super_Mario_Advance_2
7704,,http://actraiser.wikia.com/wiki/ActRaiser_2
7704,,https://en.wikipedia.org/wiki/ActRaiser_2
7704,,https://www.twitch.tv/directory/game/ActRaiser%202
5341,,https://en.m.wikipedia.org/wiki/Addams_Family_Values_(video_game)
5341,,https://www.twitch.tv/directory/game/Addams%20Family%20Values
5339,,https://en.wikipedia.org/wiki/Aaahh!!!_Real_Monsters_(video_game)
5339,,https://www.twitch.tv/directory/game/AAAHH!!!%20Real%20Monsters
46193,,https://www.twitch.tv/directory/game/Super%20Baseball%202020
46193,,https://en.wikipedia.org/wiki/Super_Baseball_2020
38353,,https://en.wikipedia.org/wiki/Accele_Brid
38353,,https://www.twitch.tv/directory/game/Accele%20Brid
11884,,https://en.wikipedia.org/wiki/ABC_Monday_Night_Football_(video_game)
11884,,https://www.twitch.tv/directory/game/ABC%20Monday%20Night%20Football
42349,,https://w.atwiki.jp/sfcall/pages/322.html
42349,,https://www.twitch.tv/directory/game/Zenkoku%20Koukou%20Soccer%20Senshuken%2096
292078,,https://artemiourbina.itch.io/240p-test-suite
292078,,https://junkerhq.net/xrgb/index.php?title=240p_test_suite
42568,,https://www.twitch.tv/directory/game/Ballz%203D
42568,,https://en.wikipedia.org/wiki/Ballz
38240,,https://www.twitch.tv/directory/game/4-nin%20Shogi
6979,,https://www.twitch.tv/directory/game/E.V.O.:%20Search%20for%20Eden
6979,,https://en.wikipedia.org/wiki/E.V.O.:_Search_for_Eden
42301,,https://en.wikipedia.org/wiki/A-Train
63844,,https://en.wikipedia.org/wiki/Aim_for_the_Ace!
63844,,https://www.twitch.tv/directory/game/Ace%20o%20Nerae!
46770,,https://en.m.wikipedia.org/wiki/Acrobat_Mission
46770,,https://www.twitch.tv/directory/game/Acrobat%20Mission
38352,,https://www.twitch.tv/directory/game/Action%20Pachio
49256,,https://en.wikipedia.org/wiki/Aero_the_Acro-Bat
5352,,https://en.wikipedia.org/wiki/After_Burner_II
5352,,https://www.twitch.tv/directory/game/After%20Burner%20II
7747,,https://en.wikipedia.org/wiki/Aguri_Suzuki_F-1_Super_Driving
7747,,https://www.twitch.tv/directory/game/Redline%3A%20F1%20Racer
8448,,https://en.wikipedia.org/wiki/Maui_Mallard_in_Cold_Shadow
8448,,https://www.gog.com/game/maui_mallard_in_cold_shadow
8448,,https://store.steampowered.com/app/987410
8448,,https://www.twitch.tv/directory/game/Maui%20Mallard%20in%20Cold%20Shadow
38196,,https://www.twitch.tv/directory/game/Super%20Ice%20Hockey
72032,,https://en.wikipedia.org/wiki/Timon_%26_Pumbaa%27s_Jungle_Games
72032,,https://www.twitch.tv/directory/game/Disney's%20Timon%20&%20Pumbaa's%20Jungle%20Games
289866,,https://x.com/pro_football_gm
289866,,https://www.youtube.com/@ProFootballGame
289866,,https://discord.gg/VPhBQM9eAa
289866,,https://www.profootballgame.io/
289866,,https://store.steampowered.com/app/2814560
42383,,https://en.wikipedia.org/wiki/Snoopy_Concert
42383,,https://www.twitch.tv/directory/game/Snoopy%20Concert
38425,,https://www.twitch.tv/directory/game/Super%20Battletank%202
45878,,https://www.twitch.tv/directory/game/Star%20Trek%3A%20Starfleet%20Academy%20-%20Starship%20Bridge%20Simulator
705,,https://en.wikipedia.org/wiki/FIFA:_Road_to_World_Cup_98
705,,https://www.twitch.tv/directory/game/FIFA%2098:%20Road%20to%20World%20Cup
3285,,https://www.twitch.tv/directory/game/Gekisō%20Sentai%20Carranger:%20Zenkai!%20Racer-senshi!
42221,,https://www.twitch.tv/directory/game/Super%20Trump%20Collection
37820,,https://en.wikipedia.org/wiki/Super_Keirin
37820,,https://www.twitch.tv/directory/game/Super%20Keirin
42479,,https://www.twitch.tv/directory/game/NHLPA%20Hockey%20'93
42479,,https://en.wikipedia.org/wiki/NHLPA_Hockey_%2793
560,,https://www.xbox.com/en-us/games/store/aliens-vs-predator/BSJK0B2ZQ5J1
560,,https://store.steampowered.com/app/10680
560,,http://www.sega.com/avp
560,,https://www.twitch.tv/directory/game/Aliens%20vs.%20Predator
560,,https://en.wikipedia.org/wiki/Aliens_vs._Predator_(2010_video_game)
560,,http://avp.wikia.com/wiki/Aliens_vs._Predator_(2010_video_game)
37854,,https://en.wikipedia.org/wiki/Super_Professional_Baseball_II
37854,,https://www.twitch.tv/directory/game/Super%20Professional%20Baseball%20II
71214,,https://www.gog.com/game/the_first_samurai_the_second_samurai_bundle
71214,,https://en.wikipedia.org/wiki/First_Samurai_(video_game)
71214,,https://www.twitch.tv/directory/game/First%20Samurai
71214,,https://store.steampowered.com/app/1672350
114033,,https://en.wikipedia.org/wiki/Taekwon-Do_(video_game)
114033,,https://www.twitch.tv/directory/game/Taekwon-do
18067,,https://www.nintendo.com/games/detail/demons-crest-3ds/
18067,,https://www.nintendo.co.uk/Games/Super-Nintendo/Demon-s-Crest--949463.html
18067,,https://en.wikipedia.org/wiki/Demon's_Crest
18067,,https://www.twitch.tv/directory/game/Demon's%20Crest
1073,,https://www.twitch.tv/directory/game/Super%20Mario%20World%202:%20Yoshi's%20Island
1073,,https://www.mariowiki.com/Super_Mario_World_2:_Yoshi%27s_Island
1073,,https://en.wikipedia.org/wiki/Yoshi%27s_Island
1073,,https://web.archive.org/web/20001018042117/http://www.nintendo.com/snes/smw2/index.html
240915,,https://superrobotwars.fandom.com/wiki/Super_Robot_Wars_EX
240915,,https://web.archive.org/web/20020203095650/http://www.banpresto.co.jp:80/japan/house/softb/s64/s64.htm
42212,,https://www.twitch.tv/directory/game/Brandish%202:%20The%20Planet%20Buster
4389,,https://en.wikipedia.org/wiki/Spider-Man_and_the_X-Men_in_Arcade%27s_Revenge
4389,,https://www.twitch.tv/directory/game/Spider-Man%20and%20the%20X-Men%3A%20Arcade's%20Revenge
46681,,https://www.twitch.tv/directory/game/Garry%20Kitchen's%20Super%20Battletank%3A%20War%20in%20the%20Gulf
276017,,https://en.wikipedia.org/wiki/Breath_of_Fire_(video_game)
42254,,https://www.twitch.tv/directory/game/Dragon's%20Earth
77378,,https://en.wikipedia.org/wiki/Super_Mario_All-Stars#Super_Mario_All-Stars_+_Super_Mario_World
77378,,https://www.mariowiki.com/Super_Mario_All-Stars_%2B_Super_Mario_World
20134,,https://en.wikipedia.org/wiki/NBA_Live_97
20134,,https://www.twitch.tv/directory/game/NBA%20Live%2097
97118,,https://en.wikipedia.org/wiki/Gon_(video_game)
97118,,https://www.twitch.tv/directory/game/Gon
32601,,https://www.twitch.tv/directory/game/Dorke%20and%20Ymp
32601,,https://www.pikointeractive.com/store.html#!/Dorke-and-Ymp-SNES/p/53205742/category=14008398
32601,,https://store.steampowered.com/app/474810
1741,,https://www.megamanwiki.com/wiki/Mega_Man_X
1741,,https://www.nintendo.com/games/detail/mega-man-x-3ds/
1741,,https://en.wikipedia.org/wiki/Mega_Man_X_(video_game)
1741,,https://www.youtube.com/CapcomUSA
1741,,https://www.twitch.tv/directory/game/Mega%20Man%20X
1741,,https://www.facebook.com/megaman
1741,,https://twitter.com/MegaMan
1741,,https://www.instagram.com/capcomusa
307353,,https://web.archive.org/web/20030604113020/http://planethalflife.com/rocketcrowbar/
38019,,https://www.hardcoregaming101.net/genjuu-ryodan
38019,,https://www.twitch.tv/directory/game/Genjuu%20Ryodan
4492,,https://www.twitch.tv/directory/game/Urban%20Strike
42581,,https://en.wikipedia.org/wiki/Skyblazer
42581,,https://skyblazer.fandom.com/wiki/Skyblazer_(Game)
42581,,https://www.twitch.tv/directory/game/Skyblazer
74032,,https://www.twitch.tv/directory/game/Special%20Edition%20Pinball%20Dreams%20Pinball%20Fantasies
167154,,https://primalrage.fandom.com/wiki/Primal_Rage_II
167154,,https://en.wikipedia.org/wiki/Primal_Rage
323388,,https://store.steampowered.com/app/731170
323388,,https://www.injustice.com/
135268,,https://mario64hacks.fandom.com/wiki/Super_Mario_Bros._Super_Show_64
135268,,https://www.youtube.com/channel/UCm4eYi3n6DvMBXp3qm4c5Uw
135268,,https://discord.gg/eEw9AHG
72812,,https://twitter.com/inazuma_project
72812,,https://inazuma-eleven.fandom.com/wiki/Inazuma_Eleven_Eiyuutachi_no_Great_Road
72812,,https://www.twitch.tv/directory/category/inazuma-eleven-victory-road
72812,,https://www.xbox.com/en-US/games/store/inazuma-eleven-victory-road/9P4MKX8G70JZ/0017
72812,,https://store.playstation.com/en-us/concept/231308
72812,,https://en.wikipedia.org/wiki/Inazuma_Eleven:_Heroes%27_Great_Road
72812,,https://www.inazuma.jp/victory-road/
72812,,https://store.steampowered.com/app/2799860/INAZUMA_ELEVEN_Victory_Road
287084,,https://en.wikipedia.org/wiki/Williams_Arcade's_Greatest_Hits
45781,,https://www.twitch.tv/directory/game/PGA%20Tour%20Golf%20III
28389,,https://en.wikipedia.org/wiki/Plok
28389,,https://www.twitch.tv/directory/game/Plok
1253,,https://en.wikipedia.org/wiki/The_Lost_Vikings_2
1253,,https://www.twitch.tv/directory/game/The%20Lost%20Vikings%202
5405,,https://www.twitch.tv/directory/game/NHL%20'94
5405,,https://en.wikipedia.org/wiki/NHL_%2794
6621,,https://www.nintendo.com/games/detail/super-ghouls-n-ghosts-3ds/
6621,,https://www.twitch.tv/directory/game/Super%20Ghouls%20'N%20Ghosts
6621,,https://en.wikipedia.org/wiki/Super_Ghouls_%27n_Ghosts
6621,,https://captown.capcom.com/ja/retro_games/9/en
242310,,https://en.wikipedia.org/wiki/Pinball_Fantasies
37832,,https://www.twitch.tv/directory/game/Super%20Gomoku%20Narabe%20Renju
37832,,https://en.wikipedia.org/wiki/Super_Gomoku_Narabe_Renju
198998,,https://www.twitch.tv/directory/game/Batman%20Forever
42506,,https://www.twitch.tv/directory/game/King%20Arthur's%20World
1498,,https://en.wikipedia.org/wiki/Front_Mission_(video_game)
1498,,https://www.twitch.tv/directory/game/Front%20Mission
42617,,https://www.twitch.tv/directory/game/Lagoon
38130,,https://www.twitch.tv/directory/game/Doraemon:%20Nobita%20to%20Yousei%20no%20Kuni
198669,,https://www.twitch.tv/directory/game/Electronic%20Disney%27s%20Aladdin
330214,,https://arcade.supermetroid.run/
280811,,https://en.wikipedia.org/wiki/Beauty_and_the_Beast_(1994_video_game)
1726,,https://www.facebook.com/megaman
1726,,https://www.nintendo.co.uk/Games/Game-Boy-Advance/Mega-Man-Bass-1040785.html
1726,,https://www.nintendo.com/games/detail/mega-man-bass-wii-u/
1726,,https://wikipedia.org/wiki/Mega_Man_%26_Bass
1726,,https://www.youtube.com/user/megaman
1726,,https://twitter.com/MegaMan
1726,,https://www.instagram.com/megaman
1726,,https://www.twitch.tv/directory/game/Mega%20Man%20&%20Bass
1726,,https://megaman.fandom.com/wiki/Mega_Man_%26_Bass
1534,,https://www.twitch.tv/directory/game/Pocky%20&%20Rocky
1534,,https://en.wikipedia.org/wiki/Pocky_%26_Rocky_(video_game)
20298,,https://www.twitch.tv/directory/game/Revolution%20X
4449,,https://www.twitch.tv/directory/game/Brutal:%20Paws%20of%20Fury
47498,,https://www.twitch.tv/directory/game/Inindo:%20Way%20of%20the%20Ninja
47498,,https://koeitecmo.wiki/wiki/Inindo:_Way_of_the_Ninja
47498,,https://en.wikipedia.org/wiki/Inindo:_Way_of_the_Ninja
42613,,https://www.twitch.tv/directory/game/Eek!%20the%20Cat
243453,,https://www.nintendo.com/games/detail/street-fighter-alpha-2-3ds/
204616,,https://en.wikipedia.org/wiki/The_Jungle_Book_(video_game)
44437,,https://en.wikipedia.org/wiki/Solid_Runner
44437,,https://www.twitch.tv/directory/game/Solid%20Runner
99509,,https://www.nintendo.com/store/products/aca-neogeo-magical-drop-ii-switch/
99509,,https://store.playstation.com/en-us/concept/227069
99509,,https://mdcd.fandom.com/wiki/Magical_Drop_II
99509,,https://en.wikipedia.org/wiki/Magical_Drop
99509,,http://www.hamster.co.jp/american_hamster/arcadearchives/xboxone/magicaldrop2.htm
42557,,https://www.twitch.tv/directory/game/F1%20Pole%20Position%202
21023,,https://www.twitch.tv/directory/game/Super%20Black%20Bass%203D
1720,,https://www.nintendo.com/games/detail/mega-man-7-3ds/
1720,,https://en.wikipedia.org/wiki/Mega_Man_7
1720,,https://www.nintendo.co.uk/Games/Super-Nintendo/Mega-Man-7-931582.html
1720,,https://megaman.fandom.com/wiki/Mega_Man_7
1720,,https://www.twitch.tv/directory/game/Mega%20Man%207
5404,,https://disney.fandom.com/wiki/Mickey_Mania:_The_Timeless_Adventures_of_Mickey_Mouse
5404,,https://en.wikipedia.org/wiki/Mickey_Mania
5404,,https://www.twitch.tv/directory/game/Mickey%20Mania%3A%20The%20Timeless%20Adventures%20of%20Mickey%20Mouse
8121,,https://en.m.wikipedia.org/wiki/The_Adventures_of_Mighty_Max
8121,,https://www.twitch.tv/directory/game/The%20Adventures%20of%20Mighty%20Max
42456,,https://en.wikipedia.org/wiki/Super_International_Cricket
42456,,https://www.twitch.tv/directory/game/Super%20International%20Cricket
147969,,https://www.nintendo.com/games/detail/stealth-switch/
147969,,https://store.steampowered.com/app/2168090
147969,,https://www.twitch.tv/directory/game/Stealth
9151,,https://www.twitch.tv/directory/category/super-punch-out-1994/videos/all
9151,,https://en.wikipedia.org/wiki/Super_Punch-Out!!
9151,,https://nintendo.fandom.com/wiki/Super_Punch-Out!!_(SNES)
9151,,https://www.nintendo.com/games/detail/super-punch-out-3ds/
9151,,https://www.nintendo.co.uk/Games/Super-Nintendo/Super-Punch-Out--279635.html
9619,,https://www.nintendo.com/games/detail/pilotwings-vc-snes-3ds/
9619,,https://en.wikipedia.org/wiki/Pilotwings_(video_game)
9619,,https://nintendo.fandom.com/wiki/Pilotwings
9619,,https://www.nintendo.co.uk/Games/Super-Nintendo/Pilotwings-775615.html
9619,,https://www.twitch.tv/directory/game/Pilotwings
44418,,https://www.twitch.tv/directory/game/Dekitate%20High%20School
44418,,https://en.wikipedia.org/wiki/Dekitate_High_School
265033,,https://en.wikipedia.org/wiki/The_Blues_Brothers_(video_game)
112875,,https://store.playstation.com/en-us/concept/10001850
112875,,https://www.facebook.com/godofwar
112875,,https://www.youtube.com/user/PlayStation
112875,,https://www.twitch.tv/directory/category/god-of-war-ragnarok
112875,,https://en.wikipedia.org/wiki/God_of_War:_Ragnar%C3%B6k
112875,,https://godofwar.playstation.com/
112875,,https://epicgames.com/product/god-of-war-ragnarok-3ca641
112875,,https://store.steampowered.com/app/2322010/God_of_War_Ragnark/
112875,,https://www.reddit.com/r/GodofWarRagnarok
112875,,https://twitter.com/sonysantamonica
112875,,https://godofwar.fandom.com/wiki/God_of_War_Wiki
112875,,https://instagram.com/santamonicastudio
1656,,https://streetfighter.fandom.com/wiki/Final_Fight_2
1656,,https://www.nintendo.com/games/detail/final-fight-2-3ds/
1656,,https://en.wikipedia.org/wiki/Final_Fight_2
1656,,https://www.nintendo.co.uk/Games/Super-Nintendo/Final-Fight-2-814299.html
1656,,https://www.twitch.tv/directory/game/Final%20Fight%202
6349,,https://en.wikipedia.org/wiki/Kid_Klown_in_Crazy_Chase
6349,,https://www.twitch.tv/directory/game/Kid%20Klown%20in%20Crazy%20Chase
38389,,https://www.twitch.tv/directory/game/Nangoku%20Shounen%20Papuwa-kun
38389,,https://www.jp.square-enix.com/game/detail/papuwa
38389,,https://en.wikipedia.org/wiki/Nankoku_Sh%C5%8Dnen_Papuwa-kun
95412,,https://en.wikipedia.org/wiki/Battle_Cross_(1994_video_game)
95412,,https://www.twitch.tv/directory/game/Battle%20Cross
4514,,https://en.wikipedia.org/wiki/Art_of_Fighting#Art_of_Fighting_(1992)
4514,,https://www.twitch.tv/directory/game/Art%20of%20Fighting
38320,,https://www.nintendo.co.jp/titles/20010000002964
38320,,https://en.m.wikipedia.org/wiki/Famicom_Wars
38320,,https://www.twitch.tv/directory/game/BS%20Super%20Famicom%20Wars
38320,,https://warswiki.org/wiki/Super_Famicom_Wars
45227,,https://en.wikipedia.org/wiki/Umihara_Kawase
45227,,https://www.twitch.tv/directory/game/Umihara%20Kawase%20Shun
81467,,"https://en.wikipedia.org/wiki/J.R.R._Tolkien%27s_The_Lord_of_the_Rings,_Vol._I_(SNES_video_game)"
81467,,https://www.twitch.tv/directory/game/J.R.R%20Tolkien's%20Lord%20of%20the%20Rings:%20Volume%20One
242267,,https://en.wikipedia.org/wiki/Battletoads/Double_Dragon
242267,,https://battletoads.fandom.com/wiki/Battletoads_%26_Double_Dragon:_The_Ultimate_Team
18618,,https://www.twitch.tv/directory/game/Super%20Bomberman%203
18618,,https://en.wikipedia.org/wiki/Super_Bomberman_3
18380,,https://en.wikipedia.org/wiki/Pac-In-Time
18380,,https://www.twitch.tv/directory/game/Pac-in-Time
202585,,https://marmaladeboy.fandom.com/wiki/Marmalade_Boy_(video_game)
37944,,https://www.twitch.tv/directory/game/Light%20Fantasy
5550,,http://ogrebattle.wikia.com/wiki/Let_Us_Cling_Together
5550,,http://en.wikipedia.org/wiki/Tactics_Ogre:_Let_Us_Cling_Together
5550,,http://eu.square-enix.com/en/games/tactics-ogre-let-us-cling-together
5550,,https://www.twitch.tv/directory/game/Tactics%20Ogre:%20Let%20Us%20Cling%20Together
38185,,https://www.twitch.tv/directory/game/Battle%20Submarine
38185,,https://en.wikipedia.org/wiki/Battle_Submarine
15833,,https://www.twitch.tv/directory/game/Chaos%20Seed:%20Feng%20Shui%20Kairouki
42623,,https://nintendo.fandom.com/wiki/Claymates
42623,,https://en.wikipedia.org/wiki/Claymates
42623,,https://www.twitch.tv/directory/game/Claymates
42736,,https://en.wikipedia.org/wiki/Ardy_Lightfoot
42736,,https://www.twitch.tv/directory/game/Ardy%20Lightfoot
156788,,https://store.steampowered.com/app/1587500
156788,,https://www.twitch.tv/directory/game/Super%20Duper%20Island%20Adventure
18613,,https://en.wikipedia.org/wiki/GP-1
18613,,https://www.twitch.tv/directory/game/GP-1
324956,,https://en.wikipedia.org/wiki/The_Atlas_(video_game)
11313,,https://www.twitch.tv/directory/game/Romancing%20SaGa%203
11313,,https://en.wikipedia.org/wiki/Romancing_SaGa_3
11313,,http://www.jp.square-enix.com/romasaga3/
37982,,https://www.twitch.tv/directory/game/Houkago%20in%20Beppin%20Jogakuin
217684,,https://www.twitch.tv/directory/game/Electronic%20RoboCop%203
42348,,https://en.wikipedia.org/wiki/Zico_Soccer
42348,,https://www.twitch.tv/directory/game/Zico%20Soccer
215181,,https://heykidscomics.fandom.com/wiki/Casper_(video_game)
215181,,https://en.wikipedia.org/wiki/Casper_(video_game)
42342,,https://www.twitch.tv/directory/game/Bishoujo%20Senshi%20Sailor%20Moon%20S%3A%20Kurukkurin
4259,,https://en.wikipedia.org/wiki/Rise_of_the_Robots
4259,,https://www.twitch.tv/directory/game/Rise%20of%20the%20Robots
42490,,https://www.twitch.tv/directory/game/Michael%20Jordan:%20%20Chaos%20in%20the%20Windy%20City
42490,,https://en.wikipedia.org/wiki/Michael_Jordan:_Chaos_in_the_Windy_City
2162,,http://en.wikipedia.org/wiki/Zombies_Ate_My_Neighbors
2162,,https://www.twitch.tv/directory/game/Zombies%20Ate%20My%20Neighbors
2162,,https://www.nintendo.co.uk/Games/Virtual-Console-Wii-/Zombies-280350.html
198801,,https://www.twitch.tv/directory/game/Electronic%20Disney%27s%20The%20Lion%20King
1124,,https://castlevania.fandom.com/wiki/Super_Castlevania_IV
1124,,https://www.nintendo.com/games/detail/super-castlevania-iv-3ds/
1124,,https://en.wikipedia.org/wiki/Super_Castlevania_IV
1124,,https://www.nintendo.co.uk/Games/Super-Nintendo/Super-Castlevania-IV-822986.html
1124,,https://www.twitch.tv/directory/game/Super%20Castlevania%20IV
1124,,https://www.reddit.com/r/castlevania/
84918,,https://satellaview.fandom.com/wiki/Super_E.D.F.
84918,,https://www.nintendo.com/games/detail/super-edf-earth-defense-force-wii-u/
84918,,https://www.nintendo.co.uk/Games/Virtual-Console-Wii-/SUPER-E-D-F-Earth-Defense-Force-279481.html
84918,,https://en.wikipedia.org/wiki/Earth_Defense_Force_(video_game)
39039,,https://en.wikipedia.org/wiki/Putty_(video_game)
1178,,https://en.wikipedia.org/wiki/Lufia_II:_Rise_of_the_Sinistrals
1178,,https://www.twitch.tv/directory/game/Lufia%20II:%20Rise%20of%20the%20Sinistrals
42662,,https://en.wikipedia.org/wiki/A.S.P._Air_Strike_Patrol
42662,,https://www.system3.com/games/desert-fighter
42662,,https://www.twitch.tv/directory/game/A.S.P.%3A%20Air%20Strike%20Patrol
42612,,https://www.twitch.tv/directory/game/Ghoul%20Patrol
42612,,https://www.nintendo.co.uk/Games/Virtual-Console-Wii-/Ghoul-Patrol--277468.html
37791,,https://www.twitch.tv/directory/game/Tekichuu%20Keiba%20Juku
65990,,https://www.twitch.tv/directory/game/Smurfs%20Save%20the%20Day%3A%20Handy%20Smurf
38125,,https://www.twitch.tv/directory/game/Touge%20Densetsu%3A%20Saisoku%20Battle
7804,,https://en.wikipedia.org/wiki/Bubsy_in_Claws_Encounters_of_the_Furred_Kind
7804,,https://www.twitch.tv/directory/game/Bubsy%20in:%20Claws%20Encounters%20of%20the%20Furred%20Kind
27525,,https://en.wikipedia.org/wiki/Lamborghini_American_Challenge
27525,,https://www.twitch.tv/directory/game/Lamborghini%3A%20American%20Challenge
231006,,https://segaretro.org/Street_Fighter_II%27
218750,,https://en.wikipedia.org/wiki/Smash_TV
217942,,https://www.twitch.tv/directory/game/Electronic%20World%20Cup%20USA%2094
11665,,https://www.twitch.tv/directory/game/Young%20Merlin
9861,,https://en.wikipedia.org/wiki/International_Superstar_Soccer_(video_game)
4455,,https://en.wikipedia.org/wiki/Izzy%27s_Quest_for_the_Olympic_Rings
4455,,https://www.twitch.tv/directory/game/Izzy's%20Quest%20for%20the%20Olympic%20Rings
38161,,https://en.wikipedia.org/wiki/Battle_Racers
38161,,https://www.twitch.tv/directory/game/Battle%20Racers
133313,,https://en.wikipedia.org/wiki/Tetris_Attack
133313,,https://panepon.fandom.com/wiki/Yoshi_no_PanePon
133313,,https://www.nintendo.co.jp/titles/50010000018033
3656,,https://www.nintendo.com/games/detail/kirbys-dream-course-3ds/
3656,,https://en.wikipedia.org/wiki/Kirby%27s_Dream_Course
3656,,https://nintendo.fandom.com/wiki/Kirby's_Dream_Course
3656,,https://www.nintendo.co.uk/Games/Super-Nintendo/Kirby-s-Dream-Course-758013.html
23091,,https://www.twitch.tv/directory/game/Theme%20Park%20DS
46231,,https://www.twitch.tv/directory/game/Brett%20Hull%20Hockey%2095
38374,,https://www.twitch.tv/directory/game/Magna%20Braban%3A%20Henreki%20no%20Yusha
9633,,https://en.wikipedia.org/wiki/Terranigma
9633,,https://www.twitch.tv/directory/game/Terranigma
42423,,https://www.twitch.tv/directory/game/Joushou%20Mahjong%20Tenpai
174187,,https://www.twitch.tv/directory/game/Battle%20Pinball
42621,,https://www.twitch.tv/directory/game/The%20Firemen
42621,,https://en.wikipedia.org/wiki/The_Firemen
42621,,https://satellaview.fandom.com/wiki/The_Firemen
8050,,https://www.twitch.tv/directory/game/Tiny%20Toon%20Adventures:%20Buster%20Busts%20Loose!
153771,,https://en.wikipedia.org/wiki/Jimmy_Connors_Pro_Tennis_Tour
14531,,https://nintendo.fandom.com/wiki/Tetris_%26_Dr._Mario
14531,,https://en.m.wikipedia.org/wiki/Tetris_%26_Dr._Mario
4509,,https://en.wikipedia.org/wiki/NHL_95
4509,,https://www.twitch.tv/directory/game/NHL%2095
174910,,https://gradius.fandom.com/wiki/Parodius_Da!_~Shinwa_kara_Owarai_e~
174910,,https://en.wikipedia.org/wiki/Parodius!_From_Myth_to_Laughter
10162,,http://www.tantalus.com.au/game_stargate.html
10162,,https://en.wikipedia.org/wiki/Stargate_(1995_video_game)
4546,,https://en.wikipedia.org/wiki/WWF_WrestleMania:_The_Arcade_Game
4546,,https://www.twitch.tv/directory/game/WWF%20WrestleMania:%20The%20Arcade%20Game
1357,,https://capcom.fandom.com/wiki/U.N._Squadron
1357,,https://www.twitch.tv/directory/game/U.N.%20Squadron
1357,,https://en.wikipedia.org/wiki/U.N._Squadron
76999,,https://www.twitch.tv/directory/game/Super%20Goal!
219488,,https://www.twitch.tv/directory/game/Super%20Ghouls%20%27n%20Ghosts
219488,,https://ghostsngoblins.fandom.com/wiki/Super_Ghouls_%27n_Ghosts_(Game_Boy_Advance)
219488,,http://web.archive.org/web/20130721015314/http://www.capcom.co.jp/makair
74492,,https://www.atlus.co.jp/news/5854/
74492,,https://megatenwiki.com/wiki/Shin_Megami_Tensei:_Synchronicity_Prologue
74492,,https://www.twitch.tv/directory/game/Shin%20Megami%20Tensei:%20Synchronicity%20Prologue
15834,,https://en.wikipedia.org/wiki/Emerald_Dragon
15834,,https://www.twitch.tv/directory/game/Emerald%20Dragon
19712,,https://www.twitch.tv/directory/game/NBA%20Jam%20Tournament%20Edition
10843,,https://en.wikipedia.org/wiki/Indiana_Jones%27_Greatest_Adventures
10843,,https://www.nintendo.co.uk/Games/Virtual-Console-Wii-/Indiana-Jones-Greatest-Adventures--277633.html
10843,,https://www.twitch.tv/directory/game/Indiana%20Jones'%20Greatest%20Adventures
1092,,https://www.mariowiki.com/Donkey_Kong_Country_2:_Diddy%27s_Kong_Quest
1092,,https://www.nintendo.com/games/detail/donkey-kong-country-2-diddys-kong-quest-3ds/
1092,,https://www.twitch.tv/directory/game/Donkey%20Kong%20Country%202:%20Diddy's%20Kong%20Quest
1092,,https://en.wikipedia.org/wiki/Donkey_Kong_Country_2:_Diddy%27s_Kong_Quest
15889,,https://en.wikipedia.org/wiki/Albert_Odyssey_(1993_video_game)
15889,,https://www.twitch.tv/directory/game/Albert%20Odyssey
198028,,https://bomberman.fandom.com/wiki/Super_Bomberman_(mobile_game)
198028,,https://www.twitch.tv/directory/game/Super%20Bomberman
42447,,https://www.twitch.tv/directory/game/Super%20Turrican%202
71773,,https://www.twitch.tv/directory/game/Golf's%20Best%3A%20St.%20Andrews%20-%20The%20Home%20of%20Golf
1103,,https://en.wikipedia.org/wiki/Super_Metroid
1103,,https://www.nintendo.com/games/detail/super-metroid-3ds/
1103,,https://metroid.fandom.com/wiki/Super_Metroid
1103,,https://www.twitch.tv/directory/game/Super%20Metroid
1103,,https://www.nintendo.co.uk/Games/Super-Nintendo/Super-Metroid-279613.html
1026,,https://www.nintendo.com/games/detail/the-legend-of-zelda-a-link-to-the-past-3ds/
1026,,https://en.wikipedia.org/wiki/The_Legend_of_Zelda:_A_Link_to_the_Past
1026,,https://www.twitch.tv/directory/game/The%20Legend%20of%20Zelda:%20A%20Link%20to%20the%20Past
1026,,https://zeldawiki.wiki/wiki/The_Legend_of_Zelda:_A_Link_to_the_Past
1026,,https://www.nintendo.co.uk/Games/Super-Nintendo/The-Legend-of-Zelda-A-Link-to-the-Past-841179.html
329147,,https://jennahveer.itch.io/equinox
55092,,https://store.playstation.com/en-us/concept/229843
55092,,https://twitter.com/ManaGame
55092,,https://www.facebook.com/ManaGame
55092,,https://www.twitch.tv/directory/game/Secret%20of%20Mana
55092,,https://secretofmanagame.com/
55092,,https://store.steampowered.com/app/637670
11616,,https://en.wikipedia.org/wiki/Soul_Blazer
11616,,https://www.jp.square-enix.com/game/detail/soulblader
11616,,https://www.twitch.tv/directory/game/Soul%20Blazer
11616,,https://www.mobygames.com/game/snes/soul-blazer
48939,,http://starwars.wikia.com/wiki/Super_Star_Wars%3A_Return_of_the_Jedi
48939,,https://en.m.wikipedia.org/wiki/Super_Star_Wars:_Return_of_the_Jedi
48939,,https://www.twitch.tv/directory/game/Super%20Star%20Wars:%20Return%20of%20the%20Jedi
196441,,https://en.wikipedia.org/wiki/Total_Carnage
265060,,https://www.nintendo.co.uk/Games/Game-Boy/Lucky-Luke-265966.html
217956,,https://jurassicpark.fandom.com/wiki/Jurassic_park_game_watch
217956,,https://www.twitch.tv/directory/game/Electronic%20Jurassic%20Park
207235,,https://en.wikipedia.org/wiki/Wolverine:_Adamantium_Rage
49011,,https://www.twitch.tv/directory/game/NBA%20All-Star%20Challenge
7828,,https://www.twitch.tv/directory/game/Cutthroat%20Island
7828,,https://en.wikipedia.org/wiki/Cutthroat_Island_(video_game)
210342,,https://apple.fandom.com/wiki/IPod_Games
210342,,https://en.wikipedia.org/wiki/Vortex_(iPod_game)
42637,,https://www.twitch.tv/directory/game/Archer%20MacLean's%20Super%20Dropzone
10354,,https://twitter.com/KillerInstinct
10354,,https://en.wikipedia.org/wiki/Killer_Instinct_(2013_video_game)
10354,,https://www.ultra-combo.com/
10354,,https://www.reddit.com/r/killerinstinct
10354,,https://store.steampowered.com/app/577940
10354,,https://www.youtube.com/channel/UCHanptPyJrKGH9o_JLFN1HQ
10354,,https://www.twitch.tv/directory/game/Killer%20Instinct
10354,,https://killerinstinct.fandom.com/wiki/Killer_Instinct_(2013_video_game)
190013,,https://nintendo.fandom.com/wiki/Wario%27s_Woods
190013,,https://en.wikipedia.org/wiki/Wario%27s_Woods
42618,,https://www.twitch.tv/directory/game/Kevin%20Keegan's%20Player%20Manager
11603,,https://www.nintendo.com/games/detail/pac-man-2-the-new-adventures-wii-u/
11603,,https://www.twitch.tv/directory/game/Pac-Man%202:%20The%20New%20Adventures
11603,,https://en.wikipedia.org/wiki/Pac-Man_2:_The_New_Adventures
11603,,https://www.nintendo.co.uk/Games/Super-Nintendo/Pac-Man-2-The-New-Adventures--1056182.html
42655,,https://nintendo.fandom.com/wiki/NHL_Stanley_Cup
42655,,https://www.twitch.tv/directory/game/NHL%20Stanley%20Cup
81523,,https://nintendo.fandom.com/wiki/Super_Tennis
368893,,https://en.wikipedia.org/wiki/The_Incredible_Hulk_(1994_video_game)
37251,,https://en.wikipedia.org/wiki/World_Heroes_2
37251,,http://snk.wikia.com/wiki/World_Heroes_2
37251,,https://www.twitch.tv/directory/game/World%20Heroes%202
327781,,https://smudgebap.itch.io/pushover
361131,,https://www.mariowiki.com/Super_Mario_Kart_Tour
42636,,https://en.wikipedia.org/wiki/Arkanoid:_Doh_It_Again
42636,,https://www.twitch.tv/directory/game/Arkanoid:%20Doh%20It%20Again
45708,,https://www.twitch.tv/directory/game/Kick%20Off%203%3A%20European%20Challenge
4245,,https://en.wikipedia.org/wiki/John_Madden_Football_%2793
4245,,https://www.twitch.tv/directory/game/John%20Madden%20Football%20'93
45566,,https://en.wikipedia.org/wiki/WWF_Super_WrestleMania
45566,,https://www.twitch.tv/directory/game/WWF%20Super%20Wrestlemania
223018,,https://www.twitch.tv/directory/game/Mortal%20Kombat%20II
28509,,https://en.wikipedia.org/wiki/Stunt_Race_FX
28509,,https://nintendo.fandom.com/wiki/Stunt_Race_FX
28509,,https://www.twitch.tv/directory/game/Stunt%20Race%20FX
42474,,https://en.wikipedia.org/wiki/Pink_Goes_to_Hollywood
42474,,https://www.twitch.tv/directory/game/Pink%20Panther%20in%20Pink%20Goes%20to%20Hollywood
7351,,https://www.instagram.com/doom
7351,,https://www.xbox.com/en-us/games/store/doom/C3QH42WRGM3R
7351,,https://www.gog.com/game/doom_2016
7351,,https://store.playstation.com/en-us/concept/201101
7351,,https://www.facebook.com/doom
7351,,https://twitter.com/DOOM
7351,,https://store.steampowered.com/app/379720
7351,,https://en.wikipedia.org/wiki/Doom_(2016_video_game)
7351,,https://www.twitch.tv/directory/game/Doom
7351,,http://www.doom.com
7351,,http://doom.wikia.com/wiki/Doom_(2016)
12675,,https://www.twitch.tv/directory/game/Magic%20Boy
276932,,https://www.romhacking.net/translations/2739/
14901,,https://en.wikipedia.org/wiki/The_Hunt_for_Red_October_(1990_video_game)
15844,,https://en.wikipedia.org/wiki/Treasure_Hunter_G
15844,,https://www.twitch.tv/directory/game/Treasure%20Hunter%20G
49447,,https://en.m.wikipedia.org/wiki/Angelique_(video_game_series)
49447,,http://www.gamecity.ne.jp/neoromance/angelique
49447,,https://www.twitch.tv/directory/game/Angelique
49447,,https://koeitecmo.wiki/wiki/Angelique_(game)
45437,,https://en.wikipedia.org/wiki/Angelique_(video_game_series)
45437,,https://www.twitch.tv/directory/game/Angelique%20Duet
45437,,https://koeitecmo.wiki/wiki/Angelique_Duet
42455,,https://nintendo.fandom.com/wiki/Super_Pinball:_Behind_the_Mask
42455,,https://www.twitch.tv/directory/game/Super%20Pinball%3A%20Behind%20the%20Mask
1709,,https://nintendo.fandom.com/wiki/Mario_%26_Wario
1709,,https://www.twitch.tv/directory/game/Mario%20&%20Wario
1709,,https://en.wikipedia.org/wiki/Mario_%26_Wario
38210,,https://en.wikipedia.org/wiki/Natsuki_Crisis_Battle
38210,,https://www.twitch.tv/directory/game/Natsuki%20Crisis%20Battle
42546,,https://www.twitch.tv/directory/game/Super%20Bomberman%3A%20Panic%20Bomber%20W
42546,,https://en.wikipedia.org/wiki/Bomberman:_Panic_Bomber
36731,,https://en.wikipedia.org/wiki/List_of_Sailor_Moon_video_games
36731,,https://www.twitch.tv/directory/game/Bishoujo%20Senshi%20Sailor%20Moon%20Super%20S:%20Fuwa-fuwa%20Panic
36731,,http://sailormoon.wikia.com/wiki/Bishoujo_Senshi_Sailor_Moon_SuperS:_Fuwa_Fuwa_Panic
63941,,https://www.twitch.tv/directory/game/Ultraman%20-%20Ultraman%20Chin%C5%8D%20UP%20Dai%20Sakusen
42484,,https://www.twitch.tv/directory/game/Mystic%20Ark
42484,,https://en.wikipedia.org/wiki/Mystic_Ark
77969,,https://www.twitch.tv/directory/game/SimCity%20Graphics%20Set%202:%20Future%20Cities
38184,,https://www.twitch.tv/directory/game/Captain%20Tsubasa%20IV%3A%20Pro%20no%20Rival%20Tachi
71128,,https://snk.fandom.com/wiki/Fatal_Fury:_King_of_Fighters
71128,,https://www.twitch.tv/directory/game/Fatal%20Fury
71128,,https://en.wikipedia.org/wiki/Fatal_Fury:_King_of_Fighters
37811,,https://satellaview.fandom.com/wiki/Super_Mahjong_Taikai
37811,,https://en.wikipedia.org/wiki/Super_Mahjong_Taikai
37811,,https://www.twitch.tv/directory/game/Super%20Mahjong%20Taikai
40451,,https://www.twitch.tv/directory/game/Suzuka%208%20Hours
40451,,https://en.m.wikipedia.org/wiki/Suzuka_8_Hours_(video_game)
36734,,https://www.twitch.tv/directory/game/Classic%20Road%20II
37972,,https://www.twitch.tv/directory/game/Jungle%20Wars%202%3A%20%20Kodai%20Mahou%20Atimos%20no%20Nazo
38332,,https://www.twitch.tv/directory/game/Hat%20Trick%20Hero%202
38332,,https://en.wikipedia.org/wiki/Hat_Trick_Hero_2
47587,,https://en.wikipedia.org/wiki/Shinsetsu_Samurai_Spirits_Bushid%C5%8D_Retsuden
47587,,https://snk.fandom.com/wiki/Shinsetsu_Samurai_Spirits:_Bushid%C5%8D_Retsuden
47587,,https://www.twitch.tv/directory/game/Shinsetsu%20Samurai%20Spirits%3A%20Bushidou%20Retsuden
42425,,https://www.twitch.tv/directory/game/Wagyan%20Paradise
42425,,https://en.wikipedia.org/wiki/Wagyan_Paradise
42270,,https://www.twitch.tv/directory/game/Super%20Dunk%20Star
63509,,https://en.m.wikipedia.org/wiki/RPG_Maker
46534,,https://www.twitch.tv/directory/game/David%20Crane's%20Amazing%20Tennis
38371,,https://en.wikipedia.org/wiki/Tetris_Battle_Gaiden
38371,,https://www.twitch.tv/directory/game/Tetris%20Battle%20Gaiden
42242,,https://www.twitch.tv/directory/game/Fortune%20Quest%3A%20Dice%20o%20Korogase
84332,,https://www.twitch.tv/directory/game/Namco%20Open
37836,,https://www.twitch.tv/directory/game/Super%20Famista%202
8564,,https://en.wikipedia.org/wiki/Fighter%27s_History_(video_game)
8564,,https://www.twitch.tv/directory/game/Fighter's%20History
8564,,https://snk.fandom.com/wiki/Fighter%27s_History
58791,,https://en.wikipedia.org/wiki/Fighter's_History:_Mizoguchi_Kiki_Ippatsu!!
58791,,https://snk.fandom.com/wiki/Fighter%27s_History:_Mizoguchi_Kiki_Ippatsu!!
58791,,https://www.twitch.tv/directory/game/Fighter's%20History%3A%20Mizoguchi%20Kiki%20Ippatsu!!
1499,,https://www.twitch.tv/directory/game/Front%20Mission:%20Gun%20Hazard
1499,,https://en.wikipedia.org/wiki/Front_Mission_Series:_Gun_Hazard
13091,,https://www.twitch.tv/directory/game/MechWarrior
37843,,https://www.twitch.tv/directory/game/Super%20Birdie%20Rush
78959,,https://en.wikipedia.org/wiki/Magic_Knight_Rayearth_(video_game)
78959,,https://www.twitch.tv/directory/game/Mahou%20Kishi%20Rayearth
39578,,https://en.wikipedia.org/wiki/Ashita_no_Joe
39578,,https://www.twitch.tv/directory/game/Ashita%20no%20Joe
77634,,https://en.wikipedia.org/wiki/Der_Langrisser
77634,,https://www.twitch.tv/directory/game/Der%20Langrisser
4001,,http://megaman.capcom.com/
4001,,https://megaman.fandom.com/wiki/Mega_Man_X_Collection
4001,,https://en.wikipedia.org/wiki/Mega_Man_X_Collection
4001,,https://www.facebook.com/megaman
4001,,https://twitter.com/MegaMan
38321,,https://superrobotwars.fandom.com/wiki/SD_The_Great_Battle
38321,,https://www.twitch.tv/directory/game/SD%20The%20Great%20Battle
38321,,https://en.wikipedia.org/wiki/SD_The_Great_Battle
306049,,https://www.nintendo.com/us/store/products/cyber-citizen-shockman-zero-switch/
306049,,https://store.playstation.com/en-us/concept/10011262
5579,,https://www.twitch.tv/directory/game/Dragon%20Slayer:%20The%20Legend%20of%20Heroes
5579,,http://en.wikipedia.org/wiki/Dragon_Slayer:_The_Legend_of_Heroes
5579,,http://legendofheroes.wikia.com/wiki/Dragon_Slayer:_The_Legend_of_Heroes
99492,,https://store.playstation.com/en-us/concept/224806
99492,,https://www.nintendo.com/games/detail/aca-neogeo-king-of-the-monsters-switch/
99492,,http://hamster.co.jp/american_hamster/arcadearchives/switch/kom.htm
129852,,https://www.twitch.tv/directory/game/Monster%20King
38114,,https://satellaview.fandom.com/wiki/Nintama_Rantar%C5%8D_2
38114,,https://www.twitch.tv/directory/game/Nintama%20Rantarou%202
46596,,https://www.twitch.tv/directory/game/Tecmo%20Super%20NBA%20Basketball
42406,,https://en.wikipedia.org/wiki/Puyo_Puyo_(video_game)
42470,,https://arleandcarbuncle.fandom.com/wiki/Puyo_Puyo_Tsu
42470,,https://en.wikipedia.org/wiki/Puyo_Puyo_2
42470,,https://www.twitch.tv/directory/game/Super%20Puyo%20Puyo%202
42555,,https://en.wikipedia.org/wiki/Feda:_The_Emblem_of_Justice
42555,,https://www.twitch.tv/directory/game/Feda%3A%20The%20Emblem%20of%20Justice
79843,,https://www.twitch.tv/directory/game/King%20of%20the%20Monsters%202:%20The%20Next%20Thing
79843,,https://www.gog.com/en/game/king_of_the_monsters_2_the_next_thing
15935,,https://en.wikipedia.org/wiki/Nekketsu_Tairiku_Burning_Heroes
15935,,https://www.twitch.tv/directory/game/Nekketsu%20Tairiku:%20Burning%20Heroes
42531,,https://www.twitch.tv/directory/game/Super%20Tetris%203
15893,,https://www.twitch.tv/directory/game/Secret%20of%20the%20Stars
15893,,https://en.wikipedia.org/wiki/Secret_of_the_Stars
15374,,https://www.twitch.tv/directory/game/Spindizzy%20Worlds
15843,,https://www.nintendo.co.jp/wiiu/software/vc/jcaj/index.html
15843,,https://en.wikipedia.org/wiki/Bahamut_Lagoon
15843,,https://www.twitch.tv/directory/game/Bahamut%20Lagoon
15843,,https://finalfantasy.fandom.com/wiki/Bahamut_Lagoon
42649,,https://en.wikipedia.org/wiki/Robotrek
42649,,https://www.twitch.tv/directory/game/Robotrek
42462,,https://en.wikipedia.org/wiki/Slayers_(video_game)
42462,,https://kanzaka.fandom.com/wiki/Slayers_(SFC)
4393,,http://legendofheroes.wikia.com/wiki/Dragon_Slayer:_The_Legend_of_Heroes_II
4393,,http://en.wikipedia.org/wiki/Dragon_Slayer:_The_Legend_of_Heroes_II
4393,,https://www.twitch.tv/directory/game/Dragon%20Slayer%3A%20Eiyuu%20Densetsu%20II
4450,,https://www.twitch.tv/directory/game/Shanghai%20II%3A%20Dragon's%20Eye
