release_id,edition_id,title_primary,platform,country,language,release_date
RL-002778E60B,ED-4AF853DEC2,240p Test Suite,SNES,UNK,xx,
RL-E71CF9D07C,ED-889DCC0CE7,"ASCII Super Advantage, Arcade controller",SNES,UNK,xx,
RL-AFF61CCC9B,ED-D421DE509C,Aaahh!!! Real Monsters,SNES,UNK,xx,
RL-4C31FD247A,ED-9C798A0DBC,ActRaiser 2,SNES,UNK,xx,
RL-D4BEF9498E,ED-FDCB5C2C2E,Actraiser,SNES,UNK,xx,
RL-9C60544B6D,ED-407F7C78B2,Addams Family Values,SNES,UNK,xx,
RL-F45068D60D,ED-2D3EB4ACD1,Aero the Acro-Bat,SNES,UNK,xx,
RL-1ED63E9CDC,ED-5407FFAB1C,"Alfa Data OMM-MT Mouse for Amiga, Atari",AMIGA,UNK,xx,
RL-64D7919EB9,ED-99882E7047,Alien 3,SNES,UNK,xx,
RL-460C660EFC,ED-6E234A371B,Ambrosia RC AeroChopper Controller,AMIGA,UNK,xx,
RL-60CEF18B1D,ED-3982877A3E,Amiga 2000,AMIGA,UNK,xx,
RL-7C2A78695C,ED-A100A27BDA,Another World,SNES,UNK,xx,
RL-C07091F4A6,ED-6756E51EEE,Archer Maclean's Super Dropzone,SNES,UNK,xx,
RL-EE498CC2BA,ED-012CBD8489,Ardy Lightfoot,SNES,UNK,xx,
RL-4F39836679,ED-345D4DAC47,Arkanoid,SNES,UNK,xx,
RL-E75E0FD82C,ED-4459DEEFE3,Art of Fighting,SNES,UNK,xx,
RL-C0BED913EF,ED-BF48C72249,Asciiware Fighter Stick SN,SNES,UNK,xx,
RL-A4EDF021D2,ED-E48D6C840A,Assassin's Creed Bloodlines,PS,UNK,xx,
RL-1550468DF5,ED-639E1F0424,Assault Suits Valken,SNES,UNK,xx,
RL-82E5DF5738,ED-0571E31AD8,Astérix,SNES,UNK,xx,
RL-1EC3234CE0,ED-84829203E3,Astérix & Obelix,SNES,UNK,xx,
RL-5AD13E37CE,ED-643B7FD542,Astérix & Obélix,SNES,UNK,xx,
RL-1EF611954B,ED-674C2EA3DC,"Aura Interactor, Force-feedback device",PS,UNK,xx,
RL-82CC4A84C8,ED-1A20A181F4,Ax Battler Legend of Golden Axe,GG,UNK,xx,
RL-F55139335F,ED-14EF901436,Axelay,SNES,UNK,xx,
RL-E5B7AAF811,ED-C5E269E870,B.O.B.,SNES,UNK,xx,
RL-20A69721B9,ED-E93D86DD2E,Barkley Shut Up and Jam!,SNES,UNK,xx,
RL-67F32B82E8,ED-A60DD43587,Baseball Stars Professional,NEO-AES,UNK,xx,
RL-DA1990C9BA,ED-952A7399F4,Batman Forever,SNES,UNK,xx,
RL-34E25A8CFF,ED-3B9C88B1DC,Battle Clash,SNES,UNK,xx,
RL-52019B3BFE,ED-6BC9D2F31F,Battletoads Double Dragon,SNES,UNK,xx,
RL-46C3D8612C,ED-4FA26DFA0B,Battletoads in Battlemaniacs,SNES,UNK,xx,
RL-E1E17F1422,ED-FA99852AF5,Beach-Head,C64,UNK,xx,
RL-D5BB70921C,ED-B8083D8461,Best of the Best Championship Karate,SNES,UNK,xx,
RL-5825E50B97,ED-DF48ED0964,Big Sky Trooper,SNES,UNK,xx,
RL-F22C72755A,ED-99D77E6105,Bio Challenge,AMIGA,UNK,xx,
RL-4DF1F5FBDF,ED-57B88956E6,Birds of Prey,AMIGA,UNK,xx,
RL-222E6BC5D4,ED-2410515907,Blackhawk,SNES,UNK,xx,
RL-0BBF3F574E,ED-7E98114AE3,Blazing Skies,SNES,UNK,xx,
RL-AEA898DBA3,ED-31D3296221,Bram Stoker's Dracula,SNES,UNK,xx,
RL-054426000F,ED-6219810DB2,Breath of Fire,SNES,UNK,xx,
RL-08D81519E8,ED-CC7D56544F,Breath of Fire II,SNES,UNK,xx,
RL-C4803E8D3A,ED-DB5BC547AC,Brett Hull Hockey,SNES,UNK,xx,
RL-DE528186FB,ED-56B6DC9B81,Bubsy In: Claws Encounters of the Furred Kind,SNES,UNK,xx,
RL-64273A4A05,ED-4A2C34FADA,Bugs Bunny Rabbit Rampage,SNES,UNK,xx,
RL-4C82039084,ED-A80ED1A986,Bundled with Amiibo,WIIU,UNK,xx,
RL-C27312797D,ED-662FB95D4A,Cannon Fodder,SNES,UNK,xx,
RL-F71989F84A,ED-FFC4AF8D37,Carrier Aces,SNES,UNK,xx,
RL-4C4E5B20B2,ED-D377EAACC4,Carrier Command,AMIGA,UNK,xx,
RL-7E7E1416F7,ED-78F636142A,Castlevania Vampire's Kiss,SNES,UNK,xx,
RL-8EEEF9F46F,ED-64DF2425B0,Castlevania Vampires Kiss,SNES,UNK,xx,
RL-BC65C6021E,ED-0AC0723FE2,Champions World Class Endorsed by PSG,SNES,UNK,xx,
RL-77221C4A47,ED-AE99026304,Chicago 90,AMIGA,UNK,xx,
RL-A64F196A76,ED-DC2B461118,Choplifter III,SNES,UNK,xx,
RL-13032929D5,ED-04B349EDD1,Choplifter III Rescue Survive,SNES,UNK,xx,
RL-910B415968,ED-26F1EE90B9,Chrono Trigger,SNES,UNK,xx,
RL-5862C9E1EF,ED-CDD0CD28D1,Chuck Rock,SNES,UNK,xx,
RL-D3D27C87BE,ED-90E4EE23EE,Clay Fighter 2 Judgment Clay,SNES,UNK,xx,
RL-7858AB3F30,ED-6EFC1D78FC,ClayFighter,SNES,UNK,xx,
RL-9964AA27CC,ED-CA823CE580,Clayfighter,SNES,UNK,xx,
RL-8FCCEE5F17,ED-6C0C03FF1A,Claymates,SNES,UNK,xx,
RL-D72ECCD797,ED-5BA6CEC4D4,Cliffhanger,SNES,UNK,xx,
RL-3D1A37921C,ED-53B4376663,Conflict The Middle East Simulation,AMIGA,UNK,xx,
RL-194EEC6584,ED-D40BD8AEE4,Cool Spot,SNES,UNK,xx,
RL-8A5AFCF8B5,ED-5E813A01D2,Cool World,SNES,UNK,xx,
RL-7E17FAE661,ED-B84E663810,Cutthroat Island,SNES,UNK,xx,
RL-2D208D4C42,ED-7CDE1DD38A,Cyber Spin,SNES,UNK,xx,
RL-A2346234DE,ED-7E1C366044,Cybernator,SNES,UNK,xx,
RL-E8C13C6D96,ED-850C9A8393,D-Force,SNES,UNK,xx,
RL-B7B63F6DAF,ED-AB07DE3321,Daffy Duck The Marvin Missions,SNES,UNK,xx,
RL-D08AA86AAB,ED-95BF7FFE6D,Daley Thompson's Decathlon,C64,UNK,xx,
RL-A31B91B495,ED-336447270F,Darius Twin,SNES,UNK,xx,
RL-EF24B44079,ED-D9CAAF08DF,Das Dschungelbuch,SNES,UNK,xx,
RL-06ED88EC1B,ED-C83909426C,Data East Classic Collection,SNES,UNK,xx,
RL-5DE12CE1B9,ED-531A508047,Datel Pro Action Replay 2 for the Super NES,SNES,UNK,xx,
RL-A2A407CD9C,ED-0051876651,De Smurfen,SNES,UNK,xx,
RL-6C201D4349,ED-8FB9F5AA84,Demolition Man,SNES,UNK,xx,
RL-F9A7EBD212,ED-9D2EC161D1,Demon's Crest,SNES,UNK,xx,
RL-2852EFA2FF,ED-EC1223785F,Dennis,SNES,UNK,xx,
RL-7F5A909244,ED-5EEA2521EC,Der König Der Löwen,SNES,UNK,xx,
RL-417490650C,ED-3D70F500E6,Der Rasenmäher-Mann,SNES,UNK,xx,
RL-6FA00E57F2,ED-37142B129E,Desert Fighter,SNES,UNK,xx,
RL-371B2B44CE,ED-23ADEDE9FE,Desert Strike Return to the Gulf,SNES,UNK,xx,
RL-90B6C49620,ED-92F38CB368,Die Schlümpfe,SNES,UNK,xx,
RL-DADC77F9E4,ED-A4C4EF5D21,Dino Dini's Soccer,SNES,UNK,xx,
RL-0E7D57641A,ED-783FDAF482,Disney Donald in Maui Mallard,SNES,UNK,xx,
RL-0642DCD6F2,ED-C3909FE51F,Disney's Aladdin,SNES,UNK,xx,
RL-361DC745CE,ED-792A60C285,Disney's Beauty and the Beast,SNES,UNK,xx,
RL-0B92CB8853,ED-72A9B8CA53,Disney's Goof Troop,SNES,UNK,xx,
RL-79B9F02DFD,ED-1C91A4CE08,Disney's Jungle Boek,SNES,UNK,xx,
RL-EDA6F660F2,ED-925C58DB6F,Disney's The Jungle Book,SNES,UNK,xx,
RL-7A7051231D,ED-5F60089371,Disney's The Lion King,SNES,UNK,xx,
RL-9DF1E91504,ED-F158544A4F,Disney's Timon & Pumbaa's Jungle Games,SNES,UNK,xx,
RL-910468EB8E,ED-DD9B17A621,Donald in Maui Mallard,SNES,UNK,xx,
RL-2CEE6E19ED,ED-3911AC3EF6,Donkey Kong Country,SNES,UNK,xx,
RL-B1EC233F70,ED-76E6AA0888,Donkey Kong Country 2 Diddy's Kong Quest,SNES,UNK,xx,
RL-8AD4CA3F40,ED-663DB72B53,Donkey Kong Country 3 Dixie Kong's Double Trouble!,SNES,UNK,xx,
RL-2481B6982E,ED-352381FA95,Donkey Kong Country 3 Donkey Kong's Double Trouble!,SNES,UNK,xx,
RL-363059734C,ED-94D91F1D42,Doom,SNES,UNK,xx,
RL-2AD5898046,ED-F3C8B53F19,Dorke & Ymp,SNES,UNK,xx,
RL-5ABAAC7380,ED-354E75768A,Double Dragon V The Shadow Falls,SNES,UNK,xx,
RL-161B65989E,ED-509B8A9661,Dragon The Bruce Lee Story,SNES,UNK,xx,
RL-BA6FE99BC9,ED-4227018650,Dragon View,SNES,UNK,xx,
RL-8BA4264996,ED-5FF0AF610E,Dragon's Lair,SNES,UNK,xx,
RL-D6B27E7EBD,ED-21FB3B28AD,Dragon's Lair LDG Laser Disc Game,AMIGA,UNK,xx,
RL-9414CFF645,ED-46A114DB31,ESPN Baseball Tonight,SNES,UNK,xx,
RL-84D6C37A83,ED-5283D96DF0,Earthworm Jim,SNES,UNK,xx,
RL-680E3C7C83,ED-F52482A8E5,Earthworm Jim 2,SNES,UNK,xx,
RL-2FDC3B8DB2,ED-A6C88AEAD6,Eek! The Cat,SNES,UNK,xx,
RL-5177AB48DF,ED-FF5440F2C4,Eek! the Cat,SNES,UNK,xx,
RL-D2FB73A095,ED-6EF7397689,Equinox,SNES,UNK,xx,
RL-D3F7742B58,ED-5B43346929,Erben der Erde Die Grosse Suche,AMIGA,UNK,xx,
RL-2FF01A36F5,ED-D3CA34AABE,Eric Cantona Football Challenge,SNES,UNK,en,
RL-BFDB34CEEF,ED-9BE6B4E1A9,Exhaust Heat,SNES,UNK,xx,
RL-318A58CA81,ED-FAB2F3B636,F-Zero,SNES,UNK,xx,
RL-7319008BDD,ED-68AA537FFA,F1 Pole Position,SNES,UNK,xx,
RL-DDC3C1AC2B,ED-BA61D8343D,F1 Pole Position 2,SNES,UNK,xx,
RL-B0263138AD,ED-1036AE0607,FIFA 96 Soccer,SNES,UNK,xx,
RL-DED996E7EA,ED-7CEAC596E7,FIFA 97,SNES,UNK,xx,
RL-79B1BBFE2F,ED-6ED43CAC8E,FIFA Road to World Cup 98,SNES,UNK,xx,
RL-D5DEF93929,ED-6FFE766F68,FIFA Soccer 96,SNES,UNK,xx,
RL-2B597ABB12,ED-D371E70BC9,Fatal Fury,SNES,UNK,xx,
RL-081EFABFBC,ED-72CF59E3B7,Ferrari Formula 1,AMIGA,UNK,xx,
RL-94A8C12BEF,ED-1869474C52,Fighter's History Dynamite,NEO-AES,UNK,xx,
RL-592A1008FB,ED-E16EFFF463,Final Fantasy II,SNES,UNK,xx,
RL-21AAFA5CE2,ED-647C7CF51B,Final Fantasy III,SNES,UNK,xx,
RL-E07E8F2026,ED-B1F373EAFB,Final Fantasy Mystic Quest,SNES,UNK,xx,
RL-F06129E3A4,ED-04B9D814C2,Final Fight,SNES,UNK,xx,
RL-1C288FC3A6,ED-C35B000CED,"Fire The Rebel Mouse for SNES / SFC F-010, Super NES Mouse",SNES,UNK,xx,
RL-91626714AD,ED-A918F4744F,Flashback,SNES,UNK,xx,
RL-9FB6D63C3B,ED-47928B94D0,Foreman for Real,SNES,UNK,xx,
RL-A658A45427,ED-F91D411281,Fork Parker's Crunch Out,SNES,UNK,xx,
RL-00B036861D,ED-CD008D0087,Fun 'n Games,SNES,UNK,xx,
RL-6A1F2A2164,ED-A50119E86A,G.Nius,AMIGA,UNK,xx,
RL-C54595984C,ED-A7B9302F8A,GP-1,SNES,UNK,xx,
RL-CDB5AAEAC2,ED-D53375271B,"GVP A500-HD8+, SCSI + RAM, Side expansion slot",AMIGA,UNK,xx,
RL-B5D7C2A096,ED-EAEF55CD1A,"Galoob Game Genie Video Game Enhancer, Super Nintendo Entertainment System version, Cartridge pass-thru",SNES,UNK,xx,
RL-863857575F,ED-321DCBE0B6,Game Boy Printer,SFC,UNK,xx,
RL-2747382C51,ED-E28268FB35,Garou Densetsu Special,NEO-AES,UNK,xx,
RL-A8B2B42FCA,ED-F1DA6A7A1E,Garry Kitchen's Super Battletank,SNES,UNK,xx,
RL-7A6EBCA71F,ED-461D52A604,Ghoul Patrol,SNES,UNK,xx,
RL-EDE4703EA3,ED-DCC5C4677D,Gods,SNES,UNK,xx,
RL-2157369C13,ED-8C17326547,Golden Axe,AMIGA,UNK,xx,
RL-C492DFCE44,ED-3AD0C51CC8,Golden Axe,C64,UNK,xx,
RL-E5255A2D5B,ED-13803D0281,Golden Axe,MD,UNK,xx,
RL-AA0680CAE1,ED-92681366AA,Golden Axe,SMS,UNK,xx,
RL-BF542CEAE0,ED-32AAD90A15,Golden Axe,ZX,UNK,xx,
RL-95DCA0E199,ED-7996BCC3A7,Golden Axe II,GEN,UNK,xx,
RL-19C25EB5FE,ED-9E7FF50CA8,Golden Axe II,MD,UNK,xx,
RL-FE3180EA22,ED-2793B25A0B,Golden Axe The Duel,SAT,UNK,xx,
RL-DAD21A5C57,ED-7AF46380DB,Golden Axe Warrior,SMS,UNK,xx,
RL-2350B1BE92,ED-A196BE6498,Golden Axe: Beast Rider,X360,UNK,xx,
RL-3168844660,ED-522F676957,Goldrunner,AMIGA,UNK,xx,
RL-6FDFEE66F5,ED-7BF60D600D,Goof Troop,SNES,UNK,xx,
RL-FE5C558599,ED-6CC63C863F,Gyromite,FAMICOM,UNK,xx,
RL-5196C22294,ED-8408F3E268,Hal's Hole in One Golf,SNES,UNK,xx,
RL-425A5B8B56,ED-170C76480E,Harvest Moon,SNES,UNK,xx,
RL-A7B61E76F4,ED-A2A119D10A,Highway Patrol 2,AMIGA,UNK,xx,
RL-8BCF35F52F,ED-AD70AE775C,Home Alone Kevin Allein zu Haus,SNES,UNK,xx,
RL-055F7ACC3B,ED-D122DE7ECE,Hook,SNES,UNK,xx,
RL-87950E7F6A,ED-4AD501BAEF,"Hudson Soft Super Multitap HC699, 4 player adapter",SNES,UNK,xx,
RL-BE480D5686,ED-3381DE08C1,"Hyperkin Supaboy, Portable Super Nintendo Entertainment System",SNES,UNK,xx,
RL-75DE3FB640,ED-1836AFE71C,IK+,AMIGA,UNK,xx,
RL-B141387166,ED-2C7E22DC63,Illusion of Gaia,SNES,UNK,xx,
RL-419B4059A4,ED-301A6E46CF,Illusion of Time,SNES,UNK,xx,
RL-9C8A934F18,ED-E22149D5C4,Inindo Way of the Ninja,SNES,UNK,xx,
RL-D4D61D26A2,ED-DB87E9171D,Izzy's Quest for the Olympic Rings,SNES,UNK,xx,
RL-E54C06A693,ED-A11CB27D25,J.R.R. Tolkien's Der Herr der Ringe Volume 1,SNES,UNK,xx,
RL-810C116968,ED-7150F43145,J.R.R. Tolkien's The Lord of the Rings Volume 1,SNES,UNK,xx,
RL-4BC9EC80C6,ED-C64C079288,James Bond Jr,SNES,UNK,xx,
RL-65B54E19AB,ED-44EF310194,Jester,SNES,UNK,xx,
RL-B9B9C0A539,ED-11036602ED,Jet Set Willy,C64,UNK,xx,
RL-FC45C77D09,ED-AC561F0360,Jimmy Connors Pro Tennis Tour,SNES,UNK,xx,
RL-20128C5C70,ED-DC43CA2D6F,Joe & Mac,SNES,UNK,xx,
RL-035B06C662,ED-5B7949AC47,Joe & Mac Caveman Ninja,SNES,UNK,xx,
RL-F789310074,ED-76FBD0E3A1,Joe & Mac Ultimate Caveman Collection,SNES,UNK,xx,
RL-D68A5C3BC4,ED-977093281A,John Madden Football '93,SNES,UNK,xx,
RL-41261419E9,ED-A7BFAA3AFC,Joy Joy Kid,NEO-AES,UNK,xx,
RL-D6E9599A57,ED-2DC6F231AD,Judge Dredd,SNES,UNK,xx,
RL-6EC61CD8FB,ED-DDD62D2CA7,Jungle Strike The Sequel to Desert Strike,SNES,UNK,xx,
RL-4B16EAF9B9,ED-83F5E44D62,Jupiter Probe,AMIGA,UNK,xx,
RL-B6B4DC46A3,ED-3CB0BFFD9A,Jurassic Park,SNES,UNK,xx,
RL-0D61023327,ED-4D8F9C140C,Jurassic Park Part 2: The Chaos Continues,SNES,UNK,xx,
RL-BBC511EDDF,ED-AA33D63A62,"KCS Power PC Board, PC Emulator + RAM, Amiga 500 Trapdoor slot",AMIGA,UNK,xx,
RL-E7CDB09349,ED-07C0BAF390,Kaizou Choujin Schbibinman Zero Shockman Zero,SNES,UNK,xx,
RL-343F5EC1B0,ED-E11167CF0E,Kevin Keegan's Player Manager,SNES,UNK,xx,
RL-69836058E7,ED-16F9B84D93,Kick Off,SNES,UNK,xx,
RL-10B465BCAA,ED-EFDA0B2E51,Kick Off 3,SNES,UNK,xx,
RL-60810BAA15,ED-F2487299D6,Kid Klown in Crazy Chase,SNES,UNK,xx,
RL-F91A8AF7B0,ED-CE7C0A1E4C,Killer Instinct,SNES,UNK,xx,
RL-38DD457184,ED-A662429DC3,King Arthur's World,SNES,UNK,xx,
RL-94885F610D,ED-1C82B06363,Kirby's Dream Course,SNES,UNK,xx,
RL-A396A1B99F,ED-8E72ED1C3B,Kirby's Fun Pak,SNES,UNK,xx,
RL-9A7DC59875,ED-12CFE527EA,Krusty's Super Fun House,SNES,UNK,xx,
RL-8F61821334,ED-B16ABA6961,Kuifje in Tibet,SNES,UNK,xx,
RL-8E25F19717,ED-2CBFBDD161,Lagoon,SNES,UNK,xx,
RL-BF64A5A3E8,ED-E174076D86,Last Action Hero,SNES,UNK,xx,
RL-7C6F6D5A90,ED-B423FF51A4,"Leda LMP Gamester Arcade Video Game Control Centre, Console storage system",SNES,UNK,xx,
RL-A2A8A66CF5,ED-5FB312E6D3,Legend,SNES,UNK,xx,
RL-6D5027B51D,ED-95AFC8645D,Lemmings,SNES,UNK,xx,
RL-C4C0AD137A,ED-73FDF63388,Lemmings 2 The Tribes,SNES,UNK,xx,
RL-59502BDACE,ED-C56A59A84F,Les Schtroumpfs autour du monde,SNES,UNK,xx,
RL-2DA7783C4E,ED-8665D86042,Looney Tunes Road Runner,SNES,UNK,xx,
RL-FDB71ED684,ED-1CF9D1A9CE,Lufia,SNES,UNK,xx,
RL-4FD8D6AEDC,ED-ECAAE6638A,Lufia & the Fortress of Doom,SNES,UNK,xx,
RL-92A8546C02,ED-DFADCADD00,Lufia II Rise of the Sinistrals,SNES,UNK,xx,
RL-95F1C0CE12,ED-4A0021B0C0,Magic Boy,SNES,UNK,xx,
RL-678DBC3018,ED-AFF3070F24,Magic Sword,SNES,UNK,xx,
RL-5CC74CFA4C,ED-DB0EF4F8D9,Magician Lord,NEO-AES,UNK,xx,
RL-039F7EF70F,ED-941B4F3B67,Major Title,SNES,UNK,xx,
RL-2290A3921A,ED-EA6B3755BE,Mario Paint,SNES,UNK,xx,
RL-D86F6F7D26,ED-63070D1460,Mario is Missing,SNES,UNK,xx,
RL-9939CFA674,ED-FD3829721C,Mario is Missing!,SNES,UNK,xx,
RL-14ECBD4E3A,ED-91A427177B,Marvel Super Heroes in War of the Gems,SNES,UNK,xx,
RL-DAE8934EB4,ED-1C3A99E360,Mega Man & Bass,SNES,UNK,xx,
RL-71BB1079E8,ED-CEE9725DA3,Mega Man 7,SNES,UNK,xx,
RL-7524367993,ED-9FFA5C8F8E,Mega Man X,SNES,UNK,xx,
RL-C1BB322A40,ED-C2D5334739,Mega-Lo-Mania,SNES,UNK,xx,
RL-2E298ECFCA,ED-0144297234,Michael Jordan Chaos in the Windy City,SNES,UNK,xx,
RL-956FD13673,ED-652E69E06B,Mickey Mania,SNES,UNK,xx,
RL-5C6C4C0106,ED-A506850724,Micro Machine,SNES,UNK,xx,
RL-1F86958197,ED-FCF5D6FAEE,Micro Machines,SNES,UNK,xx,
RL-F749A03D0B,ED-BC6A847F19,Micro Machines 2 Turbo Tournament,SNES,UNK,xx,
RL-917059A86D,ED-9658211EFA,Midway Presents Arcade's Greatest Hits The Atari Collection 1,SNES,UNK,xx,
RL-79A84DEB33,ED-148FFCDA43,Mighty Morphin Power Rangers,SNES,UNK,xx,
RL-A8D37E5BC3,ED-7364795AFC,Mighty Morphin Power Rangers The Fighting Edition,SNES,UNK,xx,
RL-94AA60D87C,ED-5835DC89B7,Mohawk & Headphone Jack,SNES,UNK,xx,
RL-B4BCC7ACF8,ED-D5AB0A2BA7,Mortal Kombat,SNES,UNK,xx,
RL-7B41BF679E,ED-7F4AB696F3,Mortal Kombat 3,SNES,UNK,xx,
RL-025639AEF6,ED-CF61B6F660,Mortal Kombat II,SNES,UNK,xx,
RL-3A8E575DBB,ED-F8A39CDC23,Mr. Do!,SNES,UNK,xx,
RL-296613F08A,ED-FCEFEC084C,Ms. Pac-Man,SNES,UNK,xx,
RL-1D4B00FFA3,ED-625248F693,NBA All-Star Challenge,SNES,UNK,en,
RL-6110225C32,ED-88D288C7FA,NBA Jam,SNES,UNK,xx,
RL-55BB7CE5F2,ED-73EFD38AC5,NBA Jam T.E.,SNES,UNK,xx,
RL-2FBDA07A8C,ED-D3433A07D3,NBA Live 96,SNES,UNK,xx,
RL-E955057938,ED-47F2ABBC92,NBA Live 97,SNES,UNK,xx,
RL-1C83D629FE,ED-D9B9F4C976,NHL 95,SNES,UNK,xx,
RL-DD0739E479,ED-B6FBC83BAC,NHL 96,SNES,UNK,xx,
RL-6B63B97DB9,ED-FACB14BE3E,NHL 97,SNES,UNK,xx,
RL-1C9F235885,ED-3CCE172B9A,NHL Hockey '94,SNES,UNK,xx,
RL-0812AD945E,ED-5B8FC38252,NHLPA Hockey '93,SNES,UNK,xx,
RL-987201A81A,ED-358696FC2B,Newman Haas IndyCar featuring Nigel Mansell,SNES,UNK,xx,
RL-D5EAC7E8F2,ED-8F074623BB,Newman/Haas IndyCar featuring Nigel Mansell,SNES,UNK,xx,
RL-390CFE08D1,ED-25C8DAA854,NewmanHaas IndyCar featuring Nigel Mansell,SNES,UNK,xx,
RL-DEE53CF55A,ED-A15F94F978,Nigel Mansell's World Championship,SNES,UNK,xx,
RL-1BC21C6031,ED-CD88D98AE4,Nigel Mansell's World Championship Racing,SNES,UNK,xx,
RL-AD2DC5CDB1,ED-42D6B8CD74,Ninja Combat,NEO-AES,UNK,xx,
RL-F9206917E9,ED-A7D21E6C6B,Ninja JaJaMaru Super Ninja Kid Limited Edition,SNES,UNK,xx,
RL-0C9DCB5F7D,ED-065C15377B,Nintendo Campus Challenge 1992,SNES,UNK,en,
RL-952FF52658,ED-1AFD6C980E,"Nintendo Scope, Super Scope, Sensor Gun Controller",SNES,UNK,xx,
RL-92D7E2B003,ED-EFDBF4F13C,"Nintendo Super Famicom Box, Hotel Coin-op Unit",SFC,UNK,xx,
RL-B030150131,ED-683B5FEE99,Old Towers,SNES,UNK,xx,
RL-57E25BB9AF,ED-E17403ED97,Olympic Summer Games Atlanta 1996,SNES,UNK,xx,
RL-231A17C6DF,ED-88C521C43D,On the Ball,SNES,UNK,xx,
RL-6A422EFAE8,ED-ABD5208131,P47,AMIGA,UNK,xx,
RL-8695AE6BE4,ED-A7F2112698,PGA Tour 96,SNES,UNK,xx,
RL-DD19016BD5,ED-B419836676,PGA Tour Golf,SNES,UNK,xx,
RL-441520878E,ED-FA1273807D,Pac-Attack,SNES,UNK,xx,
RL-B12A3C3B53,ED-76EB6C6C45,Pac-Man 2 The New Adventures,SNES,UNK,xx,
RL-80C5360662,ED-FF1B032714,Paperboy 2,SNES,UNK,xx,
RL-F198E3CE85,ED-A3DD7FCEB1,Parodius,SNES,UNK,xx,
RL-A12402EAB6,ED-1C60305647,Paws of Fury,SNES,UNK,xx,
RL-EAD253FDAC,ED-5E3F477AF6,Phantom 2040,SNES,UNK,xx,
RL-4AB8CD38F2,ED-58264166F1,Pilotwings,SNES,UNK,xx,
RL-462B206EEA,ED-95C207E237,Pinball Dreams,SNES,UNK,xx,
RL-C6C03D34C7,ED-1C2CCD326B,Pinball Dreams!,SNES,UNK,xx,
RL-D522D47EB3,ED-A84BA7B985,Pinball Fantasies,SNES,UNK,xx,
RL-634E647952,ED-FEDFDB98CD,Pink Goes to Hollywood,SNES,UNK,xx,
RL-F4C95C37C6,ED-2C8DEA65E4,Pinocchio,SNES,UNK,xx,
RL-CF2595EB53,ED-D4DCD65123,Pitfall The Mayan Adventure,SNES,UNK,xx,
RL-31B354DF55,ED-9F432454F7,Plok,SNES,UNK,xx,
RL-3399539350,ED-D133F51CC7,Pocky & Rocky,SNES,UNK,xx,
RL-5F652092DF,ED-226AB4B79D,Populous,AMIGA,UNK,xx,
RL-60707277F4,ED-39F237A461,Populous,SNES,UNK,xx,
RL-2F60DF7865,ED-2D15D39619,Power Drive,SNES,UNK,xx,
RL-EE2E793DAF,ED-4655D0CD42,Power Piggs of the Dark Age,SNES,UNK,xx,
RL-1410542C8E,ED-C51E1C2542,Power Rangers,SNES,UNK,xx,
RL-B6A68D1F8E,ED-5BB26C539E,Prehistorik Man,SNES,UNK,xx,
RL-C37CCC0B26,ED-B9C2764108,Primal Rage,SNES,UNK,xx,
RL-32BC7C764D,ED-6B88C93069,Prince of Persia,SNES,UNK,xx,
RL-E604B749FE,ED-D538A2E511,Prince of Persia 2,SNES,UNK,xx,
RL-9732EF3098,ED-5B7502EB07,Pro Action Replay for Super NES,SNES,UNK,xx,
RL-9A0A522E49,ED-583D8239EA,Purple Saturn Day,AMIGA,UNK,xx,
RL-83CCB8ED0F,ED-02318908B9,Pushover,SNES,UNK,xx,
RL-EE354A08CB,ED-9A3D6CB322,Puzzle Bobble Bust-A-Move,SNES,UNK,xx,
RL-94058439F5,ED-AA0A801A24,R-Type,AMIGA,UNK,xx,
RL-ED62C2B9B6,ED-F34D3398AC,R-Type III,SNES,UNK,xx,
RL-BEB1951826,ED-7FD2B463D0,R-Type The Third Lightning III & R-Type Super Collectors Edition,SNES,UNK,xx,
RL-0DC0AB4614,ED-F6E8B339A0,R.O.B.,FAMICOM,UNK,xx,
RL-6E07661194,ED-4A35E99741,R/C AeroChopper,AMIGA,UNK,xx,
RL-D85130E230,ED-00DE467D3A,RC AeroChopper,AMIGA,UNK,xx,
RL-075A63614D,ED-86CDBA821B,Realm,SNES,UNK,xx,
RL-BF3F8F13B0,ED-869A626FF3,Retro City Rampage DX,SNES,UNK,xx,
RL-B84FEB2AEA,ED-D8E4F62D76,Revolution X,SNES,UNK,xx,
RL-06DBC9E674,ED-93A7DB4A64,Rick Dangerous,AMIGA,UNK,xx,
RL-B41C3785DA,ED-D6BAF903C4,Riding Hero,NEO-AES,UNK,xx,
RL-49D6A6EFCF,ED-89717853A6,Rise of the Robots,SNES,UNK,xx,
RL-5CE6D27C9C,ED-06381EEDA4,Rival Turf!,SNES,UNK,xx,
RL-FFA54F1BE7,ED-A66238E058,RoboCop 3,SNES,UNK,xx,
RL-EA6E57159B,ED-C699AE21F9,RoboCop Versus The Terminator,SNES,UNK,xx,
RL-E495D127BF,ED-7096352DA5,Robocop Versus The Terminator,SNES,UNK,xx,
RL-C84AE3BC72,ED-096CEEE0CB,Rocket Ranger,AMIGA,UNK,xx,
RL-F16F3AD3A4,ED-95250F9178,SNES Game Converter,SNES,UNK,xx,
RL-C66FECEF3C,ED-5CF24193F1,Samurai Spirits,NEO-AES,UNK,xx,
RL-A4F43A2290,ED-CAB53233CA,SeaQuest DSV,SNES,UNK,xx,
RL-F9360702B0,ED-706CBA13B5,Seaquest DSV,SNES,UNK,xx,
RL-E84D4CE30E,ED-19C47EF765,Secret of Evermore,SNES,UNK,xx,
RL-4030F76815,ED-C05C1E1FD0,Secret of Mana,SNES,UNK,xx,
RL-54178FF0D6,ED-3CD8962F00,Shadow Warriors,AMIGA,UNK,xx,
RL-CE8B088C58,ED-81427DD5E1,Shadow of the Ninja,SNES,UNK,xx,
RL-3503364387,ED-74C332EE98,Shadowrun,SNES,UNK,xx,
RL-A6D686D7A8,ED-AF246B79DB,Shanghai II Dragon's Eye,SNES,UNK,xx,
RL-57641B0027,ED-7D2F7EC365,Shaq Fu,SNES,UNK,xx,
RL-1C3226F96E,ED-8CF1A99DFF,Shockman Zero Kaizou Choujin Schbibinman Zero,SNES,UNK,xx,
RL-4AF4120527,ED-252CF0E0E3,Sim City,AMIGA,UNK,xx,
RL-B00BAE82F9,ED-1B698225F5,Sim City 2000,SNES,UNK,xx,
RL-7BC2E96A56,ED-744A0C480B,SimCity,SNES,UNK,xx,
RL-C3C899C17E,ED-05D09D75D1,SimCity 2000 The Ultimate City Simulator,SNES,UNK,xx,
RL-AE08675645,ED-73083C6525,Sinbad and the Throne of the Falcon,AMIGA,UNK,xx,
RL-3C3F2169FC,ED-961673D4DF,Skyblazer,SNES,UNK,xx,
RL-E79E50071A,ED-74C73D0A41,Slaygon,AMIGA,UNK,xx,
RL-B508EAB8C2,ED-535A015273,Slik Sticks Quest Control Pad for Super Nintendo,SNES,UNK,xx,
RL-850758995E,ED-1BF3CC1CFA,Smash Tennis,SNES,UNK,xx,
RL-733B6A07D4,ED-A7B182C195,Soul Blazer,SNES,UNK,xx,
RL-C78BDDE99C,ED-C6C2C58C22,Spider-Man Venom Maximum Carnage,SNES,UNK,xx,
RL-5F68605E96,ED-502F2B4FE9,Spider-Man X-Men Arcade's Revenges,SNES,UNK,en,
RL-46E37B667E,ED-CC7C56D96C,Spidertronic,AMIGA,UNK,xx,
RL-3CE5BA1496,ED-C361DFFFF3,Spirou,SNES,UNK,xx,
RL-990F8C459F,ED-8660C023A3,"Sports Sciences Tee V Golf, Controller",SNES,UNK,xx,
RL-962882B829,ED-22D61C7EEC,Star Trek Deep Space Nine Crossroads of Time,SNES,UNK,xx,
RL-11DD64DDC0,ED-C257D0C060,Star Trek Starfleet Academy,SNES,UNK,xx,
RL-80E1A6E1E1,ED-870AADD45D,Star Trek Starfleet Academy Starship Bridge Simulator,SNES,UNK,xx,
RL-E4B73E5B9E,ED-C8002308BC,Stargate,SNES,UNK,xx,
RL-90029376F5,ED-08A2035D6A,Starwing,SNES,UNK,xx,
RL-44D6169295,ED-29E868AE67,Street Fighter 2,SNES,UNK,xx,
RL-B6F0F56EC1,ED-9C30E2631F,Street Fighter Alpha 2,SNES,UNK,xx,
RL-BC1CFD9F4F,ED-F91F422104,Street Fighter II,SNES,UNK,xx,
RL-8CEFE7606D,ED-5C87BD6B66,Street Fighter II Turbo,SNES,UNK,xx,
RL-0C692610E4,ED-85F76F3BB0,Street Racer,SNES,UNK,xx,
RL-7371C6E2BB,ED-A9E9265836,Striker,SNES,UNK,xx,
RL-1E77DB17B4,ED-E68A966339,Stunt Race FX,SNES,UNK,xx,
RL-4DC9DE9375,ED-2CDBEBE25A,Sullivan Bluth Presents Dragon's Lair,SNES,UNK,xx,
RL-01301C84CC,ED-137195454D,Super Adventure Island,SNES,UNK,xx,
RL-BF75950CE4,ED-464A3F2122,Super Battletank 2,SNES,UNK,xx,
RL-5E1D0E12BA,ED-07A5BC19E8,Super Bomberman,SNES,UNK,xx,
RL-53A6D5EB2D,ED-D8BB37D0AC,Super Bomberman 2,SNES,UNK,xx,
RL-A08C62EAE5,ED-A5CB849A0C,Super Castlevania IV,SNES,UNK,xx,
RL-3761B670D1,ED-54C495211A,Super Dany,SNES,UNK,xx,
RL-D2D82A90EC,ED-524170C93A,Super Double Dragon,SNES,UNK,xx,
RL-A0DF5F4CE1,ED-177C632B01,Super Excidium Event,SNES,UNK,xx,
RL-7405858DF6,ED-DEE32D73F4,Super Game Boy,SNES,UNK,xx,
RL-2F22653A74,ED-56E6C4A0A2,Super Goal!,SNES,UNK,xx,
RL-CE1C1EED78,ED-099332BACE,Super Hockey,SNES,UNK,xx,
RL-BD3DDF394E,ED-D08F91F615,Super Hydorah,SNES,UNK,xx,
RL-C6EE40D2C6,ED-D00638E62D,Super Mario All-Stars,SNES,UNK,xx,
RL-E3FEE95CAF,ED-FEAB738407,Super Mario All-Stars + Super Mario World,SNES,UNK,xx,
RL-8B49C7D462,ED-3CDE59E76C,Super Mario Kart,SNES,UNK,xx,
RL-DD11D56588,ED-5B6FCB1DD3,Super Mario RPG Legend of the Seven Stars,SNES,UNK,xx,
RL-E61C83079E,ED-7248CA28C4,Super Mario World,SNES,UNK,xx,
RL-578D332FF3,ED-17E2D3C7CD,Super Mario World 2 Yoshi's Island,SNES,UNK,xx,
RL-C4590CD633,ED-BAC624CF47,Super Mario World 2 Yoshi's island,SNES,UNK,xx,
RL-CB67ECDEFD,ED-C8F8B5939B,Super Metroid,SNES,UNK,xx,
RL-C97136D48B,ED-26CF3FF703,Super Monaco,MD,UNK,xx,
RL-D60EDEF900,ED-A83E3FEDA1,Super Morph,SNES,UNK,xx,
RL-885741021C,ED-4952194245,Super NES Nintendo Scope 6,SNES,UNK,xx,
RL-C84DF22C0D,ED-954EF161AD,"Super NES Score Master, Arcade controller",SNES,UNK,xx,
RL-28B8D5CBC0,ED-035721A77B,Super Nes Control Set,SNES,UNK,xx,
RL-5A00BBE9AE,ED-215CE33526,"Super Nintendo Controller, SNES",SNES,UNK,xx,
RL-6D8CF3D1FF,ED-49945BD946,Super Nintendo Entertainment System,SNES,UNK,xx,
RL-EFAFE85CF3,ED-F0FE3C610C,"Super Nintendo Entertainment System, ""Super NES Control Set""",SNES,UNK,xx,
RL-553A5449BC,ED-384EA8F1C6,"Super Nintendo Entertainment System, SNES Junior Jr., Super NES Control Deck",SNES,UNK,xx,
RL-6C4A3609E3,ED-D3C253FC40,Super Off Road,AMIGA,UNK,xx,
RL-E4F1211E7C,ED-6800DEEAC1,Super Off Road,SNES,UNK,xx,
RL-8A3E3EF3D3,ED-F9450A71B2,Super Probotector Alien Rebels,SNES,UNK,xx,
RL-3C67CCDE9D,ED-79BC390B7D,Super Punch-Out!!,SNES,UNK,xx,
RL-BE6A854DF8,ED-833F29143C,Super Putty,SNES,UNK,xx,
RL-1EA113CDF6,ED-686BE06734,Super R-Type,SNES,UNK,xx,
RL-7F6C3BE352,ED-B4FB19E095,Super SWIV,SNES,UNK,xx,
RL-5FF266BB6D,ED-3F1252C246,Super Smash T.V.,SNES,UNK,xx,
RL-FF382A547F,ED-1D47719EDA,Super Soccer,SNES,UNK,xx,
RL-99301B1675,ED-7FA4A46B43,Super Star Wars,SNES,UNK,xx,
RL-DAFD33C11E,ED-2F996B1290,Super Star Wars Return of the Jedi,SNES,UNK,xx,
RL-85B112017F,ED-7A8AEDCB57,Super Star Wars The Empire Strikes Back,SNES,UNK,xx,
RL-667E635333,ED-50D7DFB436,Super Street Fighter II,SNES,UNK,xx,
RL-CA95B5A373,ED-2E3CEF6B95,Super Tennis,SNES,UNK,xx,
RL-BE17ADF256,ED-0A85844505,Super Troll Islands,SNES,UNK,xx,
RL-9584AD32EB,ED-7A10AC13BE,Super Turrican 2 Limited Edition,SNES,UNK,xx,
RL-CBB6D6F3EE,ED-B69C28B5C6,Super Turrican Collection,SNES,UNK,xx,
RL-A6331480BC,ED-8C1F68C56D,Taz-Mania,SNES,UNK,xx,
RL-2162619307,ED-C703087167,Teenage Mutant Hero Turtles IV Turtles in Time,SNES,UNK,xx,
RL-713D275DD2,ED-6479DA031A,Teenage Mutant Ninja Turtles IV Turtles in Time,SNES,UNK,xx,
RL-7D1F79134B,ED-71F4C6FB84,Terranigma,SNES,UNK,xx,
RL-3C751C0743,ED-406DC75AE5,Tetris & Dr Mario,SNES,UNK,xx,
RL-5B31026F50,ED-61AC0E5201,Tetris & Dr. Mario,SNES,UNK,xx,
RL-78546FAB2D,ED-C339DFCF9F,Tetris 2,SNES,UNK,xx,
RL-38CA6A9967,ED-1FC28EEA1D,Tetris Attack,SNES,UNK,xx,
RL-8B83D58DD3,ED-395E703E37,The Adams Family,SNES,UNK,xx,
RL-C2182F7788,ED-7853E7694E,The Addams Family,SNES,UNK,xx,
RL-88AE77E400,ED-0355D8C39A,The Adventures of Mighty Max,SNES,UNK,xx,
RL-CE56286AA3,ED-311AB5FF14,The Adventures of Tintin Prisoners of the Sun,SNES,UNK,xx,
RL-6714BE0B84,ED-345D7892A3,The Blues Brothers,SNES,UNK,xx,
RL-9934E55B98,ED-81863DA371,The Chessmaster,SNES,UNK,xx,
RL-53CF96AC38,ED-9F986B5436,The Cult of Remute,SNES,UNK,xx,
RL-A27465E223,ED-7CF418C83E,The Flintstones The Treasure of Sierra Madrock,SNES,UNK,xx,
RL-3F7B66F1A0,ED-B37F06499A,The Great Circus Mystery Starring Mickey & Minnie,SNES,UNK,xx,
RL-D3CDEAE8D2,ED-FE7D8F4C30,The Incredible Crash Dummies,SNES,UNK,xx,
RL-C2BDF7DB35,ED-53C622B1AB,The Incredible Hulk,SNES,UNK,xx,
RL-003E987648,ED-FA4D59374F,The Karate Kid Part II The Computer Game,AMIGA,UNK,xx,
RL-96985AC649,ED-B2DAC7D769,The Legend of Zelda A Link To The Past,SNES,UNK,xx,
RL-4A47462B7C,ED-AAFDCC3B67,The Legend of Zelda A Link to the Past,SNES,UNK,xx,
RL-B5E2674580,ED-A4FECBB7D7,The Lion King,SNES,UNK,xx,
RL-99B93BC6B5,ED-8E710C52AC,The Magical Quest Starring Mickey Mouse,SNES,UNK,xx,
RL-92F5BF1B6E,ED-C3D4087543,The Mask,SNES,UNK,xx,
RL-138228711A,ED-0A06F87FA9,The Pagemaster,SNES,UNK,xx,
RL-77B8D3048E,ED-41A46ED5F2,The Rocketeer,SNES,UNK,xx,
RL-C379AB9639,ED-3413F872B6,The Simpsons Bart VS. the Space Mutants,AMIGA,UNK,xx,
RL-46B453D21E,ED-9BE44F31D2,The Simpsons Bart's Nightmare,SNES,UNK,xx,
RL-C0C8094A0D,ED-69F3903AE1,The Smurfs,SNES,UNK,xx,
RL-D92FE90F73,ED-5167A42EBB,The Smurfs Travel the World,SNES,UNK,xx,
RL-66EB2DF411,ED-328F20FDA1,The Staff of Karnath,C64,UNK,xx,
RL-B1DE128797,ED-82F7DB0971,The Three Stooges,AMIGA,UNK,xx,
RL-8F154CE2F6,ED-8CF6BE8587,Theme Park,SNES,UNK,xx,
RL-0A5985B1EE,ED-36CBBC1CFF,Tintin i Tibet,SNES,UNK,xx,
RL-87F267D28A,ED-4B1192B054,Tintin in Tibet,SNES,UNK,xx,
RL-6F0616C71D,ED-91E9DEBD2C,Tiny Toon Adventures Buster Busts Loose!,SNES,UNK,xx,
RL-720A3471D1,ED-6FED49218C,Tiny Toon Adventures Wild & Wacky Sports,SNES,UNK,xx,
RL-B86996C051,ED-BD4F420FFD,Top Gear,SNES,UNK,xx,
RL-14DF2AF970,ED-32318D2715,Total Carnage,SNES,UNK,xx,
RL-0875D0171C,ED-97864E77A6,Total Recall,AMIGA,UNK,xx,
RL-25323F111D,ED-6CCB9FDB38,Toy Story,SNES,UNK,xx,
RL-7C394EB74C,ED-C7F9BF060B,"Trade4less EAXUS Super Controller for Super Nintendo, SNES",SNES,UNK,xx,
RL-12FD649EE6,ED-077D4B9B16,"Tri-Star 8 Bit Adaptor for SNES, NES / Famicom Adapter",SNES,UNK,xx,
RL-85B5AB3C7C,ED-CC18D9C7E2,Troddlers,SNES,UNK,xx,
RL-0219DC4AAC,ED-372D702DB6,Troy Aikman NFL Football,SNES,UNK,xx,
RL-6D55A8543A,ED-DA3E457A21,True Lies,SNES,UNK,xx,
RL-F400516DEA,ED-DF43CEC5BE,Turn and Burn No-Fly Zone,SNES,UNK,xx,
RL-DC5669EC75,ED-F0DAE2E7C0,U.N. Squadron,SNES,UNK,xx,
RL-2EBFB98F13,ED-A327459EEE,Ultimate Mortal Kombat 3,SNES,UNK,xx,
RL-91E379E2D8,ED-89BB71957C,Ultimate Soccer,MD,UNK,xx,
RL-D43FA453D3,ED-BBCDE9E099,Ultraman,SNES,UNK,xx,
RL-C0A18B5660,ED-39BC7A2EE8,Undercover Cops Collector's Edition,SNES,UNK,xx,
RL-4CE683ED4A,ED-B0310F3C9E,Unirally,SNES,UNK,xx,
RL-E2A1B0C6F6,ED-A2512CB036,Urban Strike The Sequel to Jungle Strike,SNES,UNK,xx,
RL-466E7E2499,ED-6DFED095C6,Val d'Isere Championship,SNES,UNK,xx,
RL-B0D2954D68,ED-479A781F8D,Venom • Spider-Man Separation Anxiety,SNES,UNK,xx,
RL-4FD1CCC380,ED-96D03DF4C4,Virtual Soccer,SNES,UNK,xx,
RL-C02564B947,ED-FE7E407F74,Vortex,SNES,UNK,xx,
RL-6A91180221,ED-BD2CCE7C5E,Voyager,AMIGA,UNK,xx,
RL-F28626AC74,ED-EC654EB343,WWF Super WrestleMania,SNES,UNK,xx,
RL-A3810C78E4,ED-AB5635D6D9,WWF Super Wrestlemania,SNES,UNK,xx,
RL-DA4C343533,ED-D0E62184C6,WWF Wrestlemania The Arcade Game,SNES,UNK,xx,
RL-A72F3ED30E,ED-46BD24D277,Wario's Woods,SNES,UNK,xx,
RL-F0306EEB6F,ED-451D2057BA,Warlock,SNES,UNK,xx,
RL-F40E398ECB,ED-16480C61D0,Warlock's Quest,AMIGA,UNK,xx,
RL-6E2ED9B0D6,ED-68F910631F,Wild Guns,SNES,UNK,en,
RL-3CC40972AC,ED-574FFDBB1A,Wild Guns,SNES,UNK,xx,
RL-4E1240E870,ED-BEF5AB9C5F,"Wild Things Energiser, Controller",SNES,UNK,xx,
RL-AE6C0530D9,ED-8508AB9658,Williams Arcade's Greatest Hits,SNES,UNK,xx,
RL-1DF2C6276C,ED-7C1F248607,Wimbledon,MD,UNK,xx,
RL-7EAA36E344,ED-FEE12C89FF,Wing Commander,SNES,UNK,xx,
RL-02142C4414,ED-8573F64207,Winter Gold,SNES,UNK,xx,
RL-17E4BE07E9,ED-234819E416,Winter Olympics,SNES,UNK,xx,
RL-0A39E8E13A,ED-5D4DDDCDD2,Winter Olympics Lillehammer '94,SNES,UNK,xx,
RL-D396C98CFF,ED-E90F4BD5CB,Winter Olympics Lillehammer 94,SNES,UNK,xx,
RL-7FDA3B83E7,ED-B44C675C89,Wolverine Adamantium Rage,SNES,UNK,xx,
RL-C97D0D8CC6,ED-517FCD7879,World Cup Striker,SNES,UNK,xx,
RL-166E4E3442,ED-F378A3B72B,World Heroes,NEO-AES,UNK,xx,
RL-4437A57EFE,ED-4FBD2039F4,World Heroes,SNES,UNK,xx,
RL-DD87158EFC,ED-B84240DEAC,World League Basketball,SNES,UNK,xx,
RL-30D3977EAE,ED-C52D5C8A4D,World Masters Golf,SNES,UNK,xx,
RL-CF6ACD1DF5,ED-983D4B4D0E,Worms,SNES,UNK,xx,
RL-3D4F039CCE,ED-246F8C0DFD,X Zone,SNES,UNK,xx,
RL-B0249E1474,ED-AEE84AECA2,X-Kaliber 2097,SNES,UNK,xx,
RL-F493335147,ED-4BDB8D8F4D,Yobo Gameware FC-16 Go,SNES,UNK,xx,
RL-0D3E8CC0D0,ED-5ACC9DA09D,Yogi Bear's Cartoon Capers,SNES,UNK,xx,
RL-E57C5332F2,ED-3B37C691E1,Young Merlin,SNES,UNK,xx,
RL-78F44512A5,ED-B037234CCC,Zero the Kamikaze Squirrel,SNES,UNK,xx,
RL-0D9DFB23C7,ED-827CFEC98F,Zombies,SNES,UNK,xx,
RL-EC43CED63E,ED-EFD50F3BCD,Zoop,SNES,UNK,xx,
RL-84D07422AC,ED-97F2172CDA,カラオケスタジオ,FAMICOM,UNK,xx,
RL-644145EC54,ED-E5ECF05A64,ジャイロセット,FAMICOM,UNK,xx,
